first_name,last_name,email,address,phone_number,date_of_birth,created_at
Jermain,Berge,leann@example.net,Corine Mill,783-565-4512,9634-06-15,1499-10-19T03:59:00
Mae,Leffler,deja@example.net,Tanya Fords,746-804-8391 x967,6490-03-19,3394-03-29T22:03:00
Americo,Casper,aliya@example.com,Shields Light,676.030.6411 x539,7953-01-29,7492-01-04T21:56:00
Telly,Abbott,abdullah@example.net,Earline Run,(523) 853-7479 x767,8909-10-08,2653-04-08T20:25:00
Brayan,Keebler,lafayette@example.net,Mills Bypass,(199) 309-7261,3817-03-27,9827-11-09T08:42:00
Ephraim,Heaney,ebba@example.com,Hackett Estates,685-332-7449 x28672,6478-04-23,1298-11-29T00:25:00
Alexandrine,Schiller,crystal@example.com,Darien Radial,(868) 490-6872 x266,2008-01-08,2422-12-15T00:30:00
Enola,Stanton,kimberly@example.com,Bergnaum Plains,(216) 096-9022 x0164,1550-09-04,9068-02-13T14:26:00
Cristina,Rolfson,harmony@example.com,Hulda Grove,1-781-300-8373 x909,2136-12-10,6074-10-20T09:25:00
Theo,Monahan,karolann@example.net,Cecilia Mill,600.937.4642,3786-07-18,8418-06-04T17:02:00
Clark,Kling,giovanni@example.net,Jones Islands,964-414-7441 x319,6606-07-09,1692-10-10T23:36:00
Elyssa,Sanford,rosie@example.com,Lowe Estates,1-610-541-1316 x4570,6586-08-29,6598-12-13T13:21:00
Amely,Altenwerth,luigi@example.net,Hermann Wall,1-952-960-2074,4162-07-06,4195-05-25T19:48:00
Ella,Friesen,damian@example.org,Ruecker Lane,1-629-344-4780 x7372,9313-09-15,2496-10-31T07:51:00
Nayeli,Kshlerin,emely@example.com,Wisoky Locks,(193) 718-1671,7048-05-29,5382-01-24T05:55:00
Raleigh,Shields,karlie@example.net,Zoey Ford,312.932.8386 x471,5869-03-09,6110-08-19T19:07:00
Raquel,Krajcik,macy@example.net,Kathryn Ridge,1-233-899-0011 x780,4449-01-13,6795-12-17T20:29:00
Hilton,Bashirian,delta@example.com,Davis Canyon,554.350.8897 x957,8218-07-18,6961-04-19T02:29:00
Jalen,Swaniawski,willa@example.net,Elza Estate,1-568-091-9379 x293,7325-09-14,3050-01-01T14:19:00
Zane,Ferry,raphaelle@example.com,Roselyn Fords,1-631-967-1716 x1234,5490-11-05,3414-10-21T19:57:00
Oleta,Beer,dannie@example.net,Carleton Square,788.113.0836 x5091,2173-03-16,3065-09-01T02:28:00
Mina,Glover,laura@example.org,Jade Common,504-090-7632 x417,5673-02-06,5618-02-01T08:23:00
Dell,Streich,fidel@example.com,Verner Alley,144-169-7051 x115,5975-03-10,1743-01-29T02:12:00
Rosamond,Nader,kelsi@example.org,Rice Circle,(998) 069-1288,6609-05-11,7261-09-30T15:08:00
Elliott,Hermiston,zita@example.net,Emmerich Station,485-263-6629,7593-12-01,9732-05-30T20:40:00
Johnson,Gorczany,karl@example.org,Hershel Flats,1-559-046-9052 x422,7967-04-16,1890-06-24T23:44:00
Adolph,Buckridge,dayna@example.com,Ledner Common,1-630-091-5969 x707,7426-06-27,2118-10-01T19:19:00
Kattie,Kohler,virginie@example.com,Eldon Plain,467-336-0218 x94702,6739-05-12,7599-02-13T09:17:00
Levi,Braun,dedric@example.com,Rubye Canyon,419.931.9920 x1554,4611-11-14,4892-08-18T00:45:00
Candice,Denesik,theodora@example.net,Susan Locks,1-948-385-1853 x308,2386-03-10,3120-10-11T19:57:00
Tyra,Nitzsche,myrtice@example.com,Rice Key,117.504.0448 x792,4807-07-29,4140-04-23T23:52:00
Alda,Nikolaus,claire@example.net,Katrina Knolls,(358) 849-9631 x9770,5760-11-19,8877-08-18T01:13:00
Clifford,Cremin,lambert@example.org,Feest Pass,933-945-1116 x2865,4275-09-28,2830-06-07T06:39:00
Lexus,Weber,kelsi@example.com,Moore Creek,369-136-7869 x2260,2136-03-20,2445-02-02T12:06:00
Tressie,Rogahn,samson@example.org,Angelita Crossing,177-209-0520 x7463,5045-06-29,1978-04-09T18:22:00
Colleen,Wiza,alycia@example.org,Anthony Forges,251.185.5096,9588-07-23,2210-10-21T08:08:00
Antonina,Cole,bernadette@example.org,Nikolaus Radial,244-485-6160,7206-01-23,3881-03-28T02:37:00
Rita,Yundt,dina@example.org,Feil Forge,270.141.2279,1477-01-12,8003-12-29T10:53:00
Kattie,Schulist,marques@example.net,Blake Orchard,1-993-175-8496,4742-01-22,3570-02-12T21:14:00
Nikolas,Kulas,garrison@example.org,Cordia Mews,1-468-643-4766,6277-06-29,2183-08-08T20:14:00
Christy,Renner,margie@example.net,Alivia Passage,(821) 398-1665 x6193,3315-04-22,1354-01-27T12:59:00
Gaylord,Klein,alfred@example.org,Ruben Extension,1-325-813-1528 x558,6440-07-24,4086-06-09T05:55:00
Lisandro,Schumm,jed@example.org,Diana Village,747.515.0549 x277,9860-12-30,1252-01-14T18:06:00
Dimitri,Hintz,jamey@example.com,Sydnie Dam,1-313-572-8885,9236-09-18,5314-07-09T02:16:00
Yessenia,Marquardt,daisy@example.net,Benton Bypass,970.047.7270 x89063,1094-10-18,4467-12-01T21:36:00
Aylin,Volkman,jenifer@example.com,Stehr Throughway,(473) 124-5743 x823,7387-03-23,7816-05-23T02:59:00
Hector,Willms,elody@example.net,Walsh Spur,436.592.2087 x8224,1061-05-29,3187-12-18T16:26:00
Monserrat,Wiza,clarabelle@example.net,Jean Forge,1-762-328-6174 x3624,4136-12-13,4902-03-17T13:42:00
Andreanne,Sipes,lindsay@example.org,Dickens Islands,394.020.0890 x8722,9161-03-10,6884-05-11T07:47:00
Llewellyn,Cronin,payton@example.com,Everett Landing,257.048.6897 x1771,5077-12-04,5032-04-11T06:14:00
Rosamond,McDermott,leonie@example.net,Pacocha Run,(202) 489-4642 x810,2669-11-04,5452-01-24T07:41:00
Belle,Goodwin,regan@example.com,Maybell Inlet,761.233.6150 x962,1009-08-28,6856-01-09T09:33:00
Jabari,Macejkovic,cleveland@example.net,Walter Mountain,(703) 335-5507 x9562,4566-08-15,9043-12-26T19:38:00
Dante,Yost,ulises@example.com,Arjun Drive,880.679.7379 x03024,1498-03-27,1191-02-05T19:13:00
River,O'Kon,sterling@example.com,Hilpert Port,524-883-3404,2559-09-19,2871-10-05T10:24:00
Elise,Nader,alan@example.com,Cruickshank Village,1-526-957-9617 x581,4881-10-28,9739-05-10T19:28:00
Mossie,Thompson,coby@example.org,Schumm Brook,100-571-6286,7583-09-21,2432-10-24T14:42:00
Marlen,Schulist,pearlie@example.com,Howell Cape,292.125.4073 x702,2320-08-07,4618-09-11T01:40:00
Aaron,Reynolds,jeanette@example.org,Greenholt Tunnel,524.176.7898,6917-03-09,4200-11-16T14:19:00
Alba,Mills,jake@example.net,McGlynn Coves,944-077-4279 x187,3306-11-29,5764-01-03T21:36:00
Mallory,Bashirian,felicita@example.org,Cremin Skyway,(508) 676-5337 x34804,8738-05-30,8731-05-12T15:23:00
Kaleigh,Lesch,retha@example.com,Sibyl Shoal,126-541-9991 x901,3247-01-05,3721-11-11T04:16:00
Christian,Bruen,naomie@example.com,Lonny Common,1-594-074-0410,3794-01-21,2200-11-08T02:11:00
Delphine,Feeney,domingo@example.com,Jaquelin Islands,686.335.3781 x92338,9114-04-01,8526-11-07T13:28:00
Ethel,Schaden,lizeth@example.net,Hayes Centers,1-833-916-5016 x006,6109-03-09,7075-10-03T23:38:00
Douglas,McGlynn,kathryn@example.org,Lily Square,1-104-578-5567 x8358,5120-12-06,6303-10-04T00:39:00
Russel,Hermiston,hilton@example.org,Tate Rue,(141) 000-5069 x383,8643-10-30,8674-11-17T19:25:00
Corrine,Larson,delbert@example.net,Emelia Harbors,810-982-3317 x19916,1932-09-06,7943-06-16T14:25:00
Kendra,Ratke,mack@example.net,Lorenzo Locks,822-338-9619 x1772,7818-05-20,6189-11-18T02:38:00
Justus,Heaney,napoleon@example.org,Gaylord Court,1-793-429-3840 x56830,8985-07-27,6134-02-10T01:55:00
Louisa,Weimann,jamal@example.net,Harley Station,510.946.7252,6463-03-09,2177-10-22T23:58:00
Bill,Pacocha,annamae@example.net,Pagac Knolls,741-667-5711 x3538,5080-05-23,3580-03-18T19:01:00
Cale,Stanton,jessy@example.net,Lorenza Lane,1-172-027-1040 x418,5781-07-17,7863-10-08T07:00:00
Emerald,Veum,francesca@example.com,Ciara Rapids,1-968-404-6492 x10718,2748-03-03,4070-12-30T17:17:00
Lacey,Gaylord,margaretta@example.com,Osinski Drive,178.233.8952 x685,1352-03-13,2723-11-20T12:36:00
Milford,Gleichner,danika@example.com,Trantow Mill,(636) 778-2795 x954,8420-04-15,9767-10-16T15:46:00
Jamil,Schiller,tevin@example.net,Alanna Port,642.931.1716 x74346,5557-09-23,3032-08-26T10:20:00
Richie,Muller,orie@example.net,Isaias Gateway,898-791-8588 x513,7125-11-14,7148-06-22T22:23:00
Stephany,Kozey,colten@example.org,Bogisich Roads,1-688-769-0902 x2725,7443-11-22,6909-01-17T00:50:00
Taurean,Dooley,jermaine@example.com,Hirthe Vista,1-699-465-1803 x2020,4730-12-01,4497-02-07T21:37:00
Randi,McGlynn,dejon@example.net,Mueller Loop,990-570-8322 x0630,8645-07-10,5279-04-26T04:24:00
Joel,Kessler,anjali@example.net,Ankunding Bypass,1-922-795-4692,6674-07-03,4391-06-24T18:10:00
Mara,Hagenes,frankie@example.org,Stroman Lodge,(332) 648-8243 x514,8344-10-21,5096-02-18T08:41:00
Dorothy,Gutkowski,robert@example.net,Chester Drive,494-211-0359 x244,1753-03-03,1392-02-01T18:19:00
Bernadine,Gibson,jillian@example.net,Kathleen Freeway,(328) 518-7275 x611,5826-12-18,8834-04-01T07:30:00
Jennings,Schinner,nathaniel@example.org,Emmerich Pines,(367) 163-9435 x0766,7605-08-08,7450-02-11T15:55:00
Tara,Windler,jamarcus@example.org,Fay Turnpike,(400) 244-1424 x894,7261-04-11,8413-08-26T19:20:00
Bartholome,Metz,marcus@example.com,Hettinger Square,(850) 876-0610 x2102,8137-10-07,5037-08-17T13:52:00
Jennings,Gorczany,jacquelyn@example.com,Bode Alley,199-888-5116 x5216,3302-04-02,1806-09-20T13:15:00
Burnice,Nolan,alfred@example.com,Estel Meadow,703-668-8718 x48372,7059-01-15,3033-10-13T16:36:00
Sydni,Huels,mireille@example.com,Howe Bridge,407.979.5203 x3540,2956-03-11,8060-03-28T01:47:00
Clark,Zboncak,amiya@example.org,Gina Estate,(423) 568-3769 x624,2227-01-25,5561-10-31T13:33:00
Jamir,Haley,lulu@example.com,Lelia Port,(920) 259-2110 x470,8674-10-17,9174-07-19T12:56:00
Randal,Blanda,derick@example.com,Rippin Mills,(910) 019-7228,4107-09-29,7972-10-28T02:43:00
Dereck,Will,bud@example.com,Kuhn Orchard,1-816-756-2308,1287-11-10,1230-06-10T10:39:00
Leonor,Mueller,morton@example.org,Koss Pines,(212) 814-5518 x89318,3333-10-16,2735-07-11T05:19:00
Ivory,Wehner,elyse@example.org,Bosco Inlet,1-545-713-2866 x6475,1535-10-27,9881-11-25T13:15:00
Ignacio,Koss,kolby@example.net,Hans Manors,104.683.6104 x99921,8536-02-11,5531-10-17T14:28:00
Jalyn,Wuckert,elsa@example.org,Pietro Track,418-268-1732 x115,7446-05-09,7208-03-13T11:10:00
Maida,Lubowitz,autumn@example.com,Amparo Crossing,(489) 611-0383 x19081,4619-08-18,2672-07-16T05:58:00
Rhiannon,Turcotte,destany@example.org,Eudora Bypass,514-309-7797 x79803,4882-05-22,7901-02-28T16:50:00
Izaiah,Waters,autumn@example.net,Quincy Cape,462-028-5022 x4501,4434-10-27,5679-09-28T17:20:00
Kathryn,Roob,archibald@example.org,Roob Lake,415.793.5414 x9050,3851-04-24,2576-03-13T08:37:00
Elinore,Effertz,immanuel@example.net,Carlos Ferry,291-984-0980 x5810,8567-04-05,2933-11-15T18:10:00
Madison,Parisian,roberto@example.net,Urban Extensions,854.791.6142 x655,7166-12-18,8168-07-11T10:10:00
Ezekiel,Hodkiewicz,jaycee@example.com,Christian Valley,538-334-2202 x8686,3072-01-21,1697-02-22T23:33:00
Lonzo,O'Connell,jett@example.net,Emelie Mount,(256) 390-2686 x52936,5358-05-16,5201-09-28T00:26:00
Gia,Crooks,isaias@example.org,Trystan Dam,687.071.8988 x1656,1759-07-26,2138-07-07T22:34:00
Hilton,Olson,randall@example.com,Watson Mission,1-101-538-1734 x01025,4077-12-28,5545-04-16T09:08:00
Marge,Feil,marlon@example.org,Josiah Trafficway,604.860.9580,1612-10-29,6590-07-01T08:59:00
Hellen,Lemke,lyric@example.net,Vandervort Pine,280.664.6176 x8303,1805-12-23,2938-07-21T07:58:00
Trystan,Glover,wyman@example.com,Beahan Trafficway,592.714.4862 x099,9214-12-10,2382-02-19T18:33:00
Pedro,Turner,chyna@example.net,Marlee Groves,909.939.6037,3660-04-10,7579-01-28T14:41:00
Reymundo,Gerlach,randal@example.org,Kamryn Inlet,830.103.9576 x18226,7200-12-11,4313-07-26T08:25:00
Edison,Boyle,joanne@example.com,Marquardt Fields,518.144.2699 x34196,1246-01-19,9954-06-25T10:56:00
Geoffrey,Sipes,lesly@example.net,Wyman Radial,(631) 522-8791 x248,7972-05-06,5341-11-01T08:06:00
Hadley,Adams,louie@example.com,Emelie Throughway,549.970.3215,7921-08-18,4908-07-12T12:10:00
Zita,Grimes,joesph@example.org,Carolanne Land,998.870.1146 x21581,1219-11-17,6739-06-27T02:52:00
Roderick,Lesch,rene@example.com,Oda Summit,1-300-276-5733,4762-10-11,7979-09-30T09:36:00
Wilfrid,Greenholt,eda@example.com,Maynard Corners,1-598-490-7659,6433-10-27,1968-01-28T17:28:00
Rosa,Von,ashlynn@example.org,Jewell Roads,423.113.2813 x16510,6464-12-04,3482-12-09T00:44:00
Lorena,Kertzmann,amari@example.com,Gardner Ridge,(577) 025-0819 x6268,9144-04-09,8331-06-01T13:08:00
Lane,Grimes,arianna@example.org,Schamberger River,290.017.4357 x4032,8132-06-10,4685-05-19T11:00:00
Nikki,Schiller,addie@example.net,Carter Hills,693.138.7722 x92512,1561-10-20,1870-01-25T05:31:00
Shanon,Mayert,victor@example.net,Kerluke Curve,1-793-626-4821 x4166,4417-03-02,2447-01-25T05:39:00
Karson,Terry,delpha@example.org,Nitzsche Village,(638) 835-9282 x100,9443-02-19,1759-10-11T23:56:00
Bo,Ward,julianne@example.com,Rusty Grove,514.604.8657 x607,4934-01-20,6713-05-21T05:49:00
Shana,Nikolaus,skyla@example.org,Hegmann Roads,872-950-3064 x546,4035-06-29,7258-03-27T01:43:00
Darius,Kassulke,wilbert@example.net,Hayes Pine,(997) 558-4745 x9244,5911-02-14,1597-02-05T01:04:00
Giovanni,Abbott,erin@example.org,Hettinger Land,328.140.2223 x708,6327-01-07,6628-06-03T06:39:00
Leif,Jaskolski,valentin@example.org,Maude Fork,(693) 231-0326,6136-03-07,8690-09-12T03:45:00
Cooper,McDermott,heloise@example.net,Raynor Valleys,(972) 126-0836 x047,8345-09-11,6073-02-15T21:23:00
Bernita,Emard,tatyana@example.org,Baylee Rue,1-312-498-3968 x25905,2568-09-29,9339-04-13T02:37:00
Elian,Tremblay,juliet@example.org,Shanahan Center,842.654.1485 x9965,6024-06-02,5332-10-29T08:29:00
Rachel,Windler,lionel@example.net,Abshire Pike,295-221-1140 x690,2656-08-21,6152-09-29T22:10:00
Cassie,Stracke,aidan@example.com,Raina Trafficway,1-942-332-3201,6117-11-11,2623-07-03T17:38:00
Johan,Stracke,mckenna@example.org,Austin Mountains,1-243-737-7965 x30264,1892-05-08,3336-05-08T04:29:00
Talon,Reilly,estella@example.org,Rempel Circles,(939) 905-3252 x019,4345-04-21,4645-10-11T01:35:00
Anita,King,susan@example.org,Conn Forge,915.517.5810 x9164,9402-02-16,9984-09-18T10:49:00
Mose,Daniel,genesis@example.org,Ernser River,(216) 008-4566 x46472,6441-03-04,6013-05-25T11:48:00
Aditya,Kunze,burdette@example.net,Quigley Squares,1-878-024-4090 x531,5905-11-29,8975-09-10T11:00:00
Miguel,Bosco,noe@example.net,Romaine Trafficway,369.835.2526 x56021,2030-06-19,3480-04-04T15:11:00
Ernie,Treutel,jazlyn@example.net,Koelpin Row,1-741-311-4040 x5808,8759-04-01,3497-09-04T02:31:00
Berry,Jacobi,garret@example.net,Runte Cliffs,142.845.7915 x375,6339-04-17,8406-10-06T02:21:00
Megane,Pagac,makayla@example.com,Ullrich Turnpike,1-468-149-7744 x6767,4771-09-26,9080-11-02T02:50:00
Dangelo,Daniel,bonnie@example.org,Benton Roads,584-440-0939 x8297,2593-08-11,3254-07-17T12:05:00
Daniela,Bartell,norwood@example.com,Courtney Spur,1-935-025-6219,3985-04-02,7862-07-01T01:51:00
Willard,Zboncak,zechariah@example.net,Hermann Shoal,253-614-7415 x55388,8690-09-23,5352-07-31T21:39:00
Bridie,Schumm,christiana@example.org,Marquardt Highway,(798) 352-2423,9850-09-18,6107-10-18T14:04:00
Ayden,Thompson,julius@example.net,Kessler Estate,1-349-462-3591 x08927,9448-04-13,8079-05-17T06:09:00
Madonna,Heathcote,gianni@example.org,Ritchie Ferry,714-916-1278,7090-03-27,3362-02-15T23:25:00
Ciara,Langworth,shannon@example.org,Goldner Grove,(969) 487-9929 x2707,8397-10-11,1353-05-14T13:01:00
Alex,Reilly,emmet@example.net,Devante Road,397-417-7623 x747,5831-11-05,1533-04-09T16:01:00
Sebastian,Jenkins,johanna@example.org,Earline Summit,571-093-4845,7637-09-12,6696-03-06T23:16:00
Joesph,Legros,tommie@example.com,Pfannerstill Way,(204) 646-1439 x48903,2288-06-23,6938-06-06T02:33:00
Francisco,Kris,dayton@example.net,Nettie Light,1-558-067-6814 x1617,8547-12-09,4335-03-15T09:37:00
Lonnie,Spinka,elva@example.com,Dooley Circle,698.373.0364 x620,8001-08-10,4502-02-01T08:32:00
Floyd,Schneider,sunny@example.com,Pfeffer Mall,(676) 848-3030 x9133,3790-01-19,5245-12-05T01:38:00
Kobe,Lubowitz,phoebe@example.com,Harley Road,1-848-635-3339 x897,1719-09-28,1743-10-19T14:13:00
Daniella,Bradtke,clare@example.org,Gleichner Harbor,1-895-124-3183,2386-04-04,1219-01-21T04:54:00
Dexter,Trantow,denis@example.org,Rippin Cape,176.943.2805 x0436,7029-04-26,5352-08-14T19:24:00
Virginie,Mueller,elton@example.org,Thora Landing,770.548.1806 x1433,2159-04-16,3428-03-02T14:49:00
Liana,Wiegand,maverick@example.org,Gleichner Falls,1-147-444-7975 x785,5065-11-30,4704-01-19T00:46:00
Ambrose,Weimann,fatima@example.net,Florine Crossing,587.899.6653,5443-06-27,6348-09-18T04:28:00
Sienna,Collins,horace@example.org,Predovic Stream,1-814-249-5710 x9682,8331-08-16,8502-05-08T08:19:00
Brook,McClure,jany@example.net,Hyatt Way,679-624-7804 x326,3430-06-01,6881-01-26T11:50:00
Mireya,Rodriguez,ernie@example.org,Boyer Station,(170) 574-1800 x065,2500-09-25,8850-06-12T16:19:00
Jeremy,Schulist,ashly@example.com,Dickinson Dale,(107) 714-4527 x0995,3298-01-11,7479-11-12T15:38:00
Hyman,Fahey,estella@example.com,Stamm Squares,1-895-064-6966 x9825,2992-09-04,4177-01-30T06:48:00
Tyler,Stehr,lindsay@example.net,Jace Hollow,(490) 695-2081,7495-12-11,9852-02-17T16:31:00
Bridget,McClure,flavio@example.net,Jane Center,739-761-5699,1414-04-04,1591-12-03T19:54:00
Lisa,McGlynn,kaia@example.org,Stehr Estate,838.568.6077 x6023,9697-10-08,5319-01-01T21:31:00
Heber,Rosenbaum,jessy@example.org,Lebsack Overpass,(857) 831-6744,2168-06-03,5077-03-19T18:53:00
Lina,Schmeler,rosanna@example.com,Preston Forges,860-236-8581 x82159,8693-10-08,8554-08-29T14:08:00
Maximillian,Macejkovic,giovanna@example.org,Bechtelar Highway,573-859-4751 x277,8576-05-14,6832-07-17T05:04:00
Vivianne,Kutch,garnett@example.org,Senger Fork,(345) 209-4213 x80372,5113-09-25,5963-08-22T14:38:00
Lionel,Hills,johnathan@example.net,Doyle Fall,698.804.4221 x055,1756-10-27,6187-09-12T02:40:00
Drake,Cartwright,joesph@example.net,Rutherford Flat,324-078-8585 x288,4502-11-23,2129-02-17T11:24:00
Leon,Runolfsdottir,amir@example.net,Ernest Spurs,1-157-866-7505 x19372,1878-12-27,6279-09-17T18:05:00
Rollin,Schmeler,eloise@example.org,Randal Curve,(257) 811-8260 x74919,9202-05-12,2574-04-04T16:54:00
Retta,Homenick,kay@example.com,Donna Park,780.545.3985,1135-08-10,9243-04-21T09:18:00
Jess,Ward,camille@example.org,Everette Wells,(789) 551-8561 x79415,2076-02-09,4838-10-17T10:39:00
Ludwig,Keebler,raul@example.org,Lynch Glen,(185) 414-9015 x58161,7603-03-07,5387-08-14T14:28:00
Gayle,Cormier,bonita@example.net,Guido Village,135.043.3034 x2712,9194-09-28,8167-09-18T19:13:00
Jarred,Powlowski,florida@example.net,Esperanza Prairie,(210) 207-3694 x4112,4542-04-02,3150-07-27T06:11:00
Marisa,Kerluke,rosemarie@example.net,Runolfsson Mountains,1-711-918-7908 x3793,3324-01-16,9579-05-13T09:36:00
Nikko,Ferry,koby@example.net,Halvorson Row,(405) 700-5393 x16294,2354-03-11,1459-02-11T05:20:00
Jeremie,Bahringer,bethany@example.org,Langosh Inlet,1-732-286-3915 x68082,2682-12-12,6171-02-11T00:51:00
Lelah,Runte,eva@example.com,Koepp Keys,206-160-6644,9526-08-12,8752-06-16T21:50:00
Gerard,Wiegand,felipe@example.net,Vandervort Shore,657.591.8199 x1000,5468-08-06,3133-04-12T04:44:00
Randi,Ferry,tiffany@example.org,Walker Roads,970-859-8752,2584-10-12,1054-02-04T15:03:00
Juwan,Keebler,trever@example.org,Noelia Corner,1-215-359-2858 x160,8725-02-12,6617-09-25T01:51:00
Isabell,Raynor,vincenza@example.com,Magdalena Crest,891.174.6017 x43926,7872-12-27,9242-12-06T19:56:00
Franco,Wisoky,lilla@example.net,Miller Gardens,1-476-941-4757 x9715,5325-05-19,1246-05-01T22:37:00
Claudia,Gerlach,isaias@example.com,Melvina Stravenue,(802) 639-6037 x7033,6391-04-25,5376-12-12T04:37:00
Vern,Homenick,rosalinda@example.com,Lubowitz Roads,(602) 209-2969 x413,5784-10-14,8361-06-01T04:44:00
Malcolm,Hand,brad@example.com,Jordane Greens,(772) 594-3879 x271,8880-09-15,5031-12-03T16:11:00
Stephon,Block,alexander@example.org,Amaya Stravenue,1-828-190-2395,2003-05-19,7735-09-16T12:53:00
Elliott,Walter,trinity@example.com,Elliott Throughway,962.480.7678 x99053,2774-08-03,8182-12-08T02:55:00
Norbert,McClure,daisy@example.net,Abshire Fields,1-636-794-7753 x6020,8886-09-08,9655-09-02T04:38:00
Fermin,Nader,monique@example.com,Deondre Springs,1-627-553-0389,9296-11-03,3975-09-30T22:32:00
Julia,Koepp,adeline@example.com,Kerluke Hills,1-605-291-1063,4979-05-22,2892-07-28T20:57:00
Dillon,Hayes,jeromy@example.net,Herman Motorway,1-642-491-7748 x044,3753-10-25,9298-11-28T20:00:00
Charles,Powlowski,watson@example.org,Reba Rest,(502) 371-5880 x8647,6470-12-09,8898-09-27T20:53:00
Afton,Schuster,bettie@example.com,Pollich Curve,1-137-627-4181 x7776,1661-06-01,9670-12-21T03:07:00
Alberto,Zboncak,corbin@example.com,Elmore Springs,334-284-8087 x4241,7727-01-02,9323-01-07T00:12:00
Ephraim,Zieme,chloe@example.com,Prudence Lane,(757) 768-7613,4096-12-05,6240-11-08T10:55:00
Malinda,Klein,jonathon@example.net,Sporer Court,1-918-193-1629 x95736,9170-01-04,3887-04-13T11:43:00
Claude,Leannon,neal@example.org,Ethel Views,1-155-874-7761 x6125,2377-12-07,6904-10-12T08:05:00
Rory,Cormier,marco@example.org,Maeve Trail,628-844-9706 x867,2392-11-01,4978-04-03T18:05:00
Eleazar,Flatley,deangelo@example.net,Hyatt Parkway,934-184-1241 x1367,3584-09-19,7875-12-25T17:14:00
Karl,Volkman,waylon@example.net,Mohr Corners,1-966-387-7044 x60196,2510-07-24,7681-03-05T00:09:00
Carolina,Goodwin,haven@example.com,Alaina Loaf,1-607-800-3864 x19415,4501-07-03,4303-05-05T12:00:00
Aryanna,Abshire,rachel@example.net,Turcotte Courts,1-731-033-8616 x709,7402-12-03,4522-02-03T01:29:00
Alba,Cartwright,ceasar@example.com,Larkin Flat,758-859-3309,6880-09-04,1452-02-12T08:02:00
Annamae,Conn,jeffry@example.com,Maggio Center,136-773-0876 x258,2215-04-03,3783-09-25T00:37:00
Roderick,Farrell,keira@example.org,Rodrigo Junctions,319.219.9598 x047,9405-01-11,7819-10-10T11:36:00
Alvera,Kessler,kayli@example.com,Kuvalis Lodge,(277) 297-3661,5700-11-20,3208-01-16T12:07:00
Kamille,Nolan,rebekah@example.org,Sherwood Neck,397-715-6551 x9770,1271-06-09,4535-10-23T09:35:00
Jayden,Crooks,jadon@example.com,Spinka Isle,(888) 521-9382 x68522,3989-06-11,7272-01-17T12:47:00
Stanford,Bechtelar,jesse@example.org,Johan Ridges,991.747.3263 x771,6232-02-22,1554-09-28T07:00:00
Lura,Connelly,pansy@example.com,Halvorson Landing,142.295.3165,7025-04-08,9435-10-18T04:11:00
Christina,Muller,magali@example.com,Krajcik Trace,1-683-446-1063,9859-01-13,3901-11-23T13:06:00
Lea,Kiehn,granville@example.com,Gleason Shoal,1-715-949-9944 x5702,9484-10-12,7112-11-30T12:06:00
Joany,Hudson,norbert@example.org,Katrina Groves,(247) 381-0749 x547,2864-10-30,6591-08-04T20:23:00
Travis,Smitham,tyrell@example.org,Matilda Village,1-791-254-4216 x989,5195-07-13,7507-12-01T23:32:00
Ferne,Kuvalis,lyric@example.com,Doyle Falls,856.938.9304,4193-11-01,9332-02-18T21:11:00
Irma,O'Connell,lizeth@example.net,Rosenbaum Oval,877-180-1282,6212-02-10,7070-10-19T06:55:00
Austyn,O'Conner,jaylin@example.org,Rosemary Mission,(308) 607-6204 x013,7681-04-06,2116-02-23T16:54:00
Camilla,Nolan,jaylen@example.org,Isabelle Shoal,(703) 331-7361 x5045,8812-06-24,7580-01-25T23:30:00
Raymundo,Johns,liliane@example.net,Runolfsson Spurs,279.053.5828,9955-06-22,5654-12-26T12:20:00
Miller,Wisoky,queenie@example.net,Bartell Islands,712.992.2202,7902-06-20,2768-07-12T16:23:00
Lavina,Jacobs,jerad@example.net,Jakubowski Brook,(681) 636-8577,5308-03-18,7659-08-21T12:42:00
Conrad,Veum,ellis@example.org,Blaze Mews,1-828-125-1327 x315,4125-06-13,5436-01-19T19:42:00
Joshua,Maggio,annamarie@example.org,Savanah Manor,648-518-2003 x3068,9976-03-27,8216-07-07T15:35:00
Aurelie,Hamill,enrique@example.org,Oberbrunner Lights,1-324-438-5992,5473-01-04,2163-03-17T19:17:00
John,Hauck,kade@example.org,Beer Point,(977) 074-3963,4246-09-15,6701-10-31T07:21:00
Julianne,Bosco,heloise@example.com,Montana Manors,1-425-980-3478 x407,6631-06-20,7187-10-13T01:32:00
Alycia,Schimmel,marvin@example.net,Swift Causeway,1-835-324-4506 x62583,4855-04-26,6838-09-17T23:39:00
Erwin,Gleason,karelle@example.net,Ernser Crescent,339.485.7621,1223-02-14,7391-01-24T02:12:00
Judah,Kuphal,dovie@example.net,Frederick Circle,1-202-784-8577 x8375,5348-10-28,4621-07-17T06:09:00
Hailey,Leannon,forrest@example.org,Schuppe Manor,1-800-213-6221 x2788,5956-03-15,4263-12-13T18:38:00
Rebeka,Abshire,kylee@example.net,Huel Parkway,360-287-3690,7811-03-11,9720-03-28T08:56:00
Hilario,Rippin,lisette@example.com,Windler Port,239.866.0389,2231-01-24,7679-02-09T14:38:00
Reilly,Macejkovic,haley@example.com,Mathew Land,494.358.7855 x4335,4354-06-05,8456-09-24T20:24:00
Zackery,Nitzsche,linda@example.org,Heathcote Street,1-473-861-1692 x2710,8954-09-03,3185-01-23T07:57:00
Martin,Wisozk,geovany@example.net,Blick Plain,1-489-701-0227,2183-12-24,9162-12-22T02:48:00
Laron,Kertzmann,chloe@example.com,Kevin Rue,1-354-240-3664 x291,8745-10-28,5282-08-02T15:22:00
Tyler,Collins,davonte@example.net,Vita Stravenue,928.870.9688 x197,1524-06-12,5789-10-28T18:52:00
Hilbert,Langworth,trudie@example.org,Theron Inlet,132.444.6213 x1014,5218-02-07,2084-12-27T00:38:00
Emmanuel,Wolf,otho@example.net,Cronin Park,1-515-523-5249 x0505,8435-01-18,9221-09-06T04:19:00
Furman,Herzog,maureen@example.org,Homenick Islands,(798) 268-3002 x1256,3329-07-03,1495-04-11T14:33:00
Bo,Hegmann,jamil@example.com,Kunde Spring,(974) 856-1751 x06372,5038-09-07,9399-01-08T17:33:00
Antonietta,Farrell,karl@example.org,Kreiger Lodge,703.697.2294,7019-08-30,3367-04-27T17:30:00
Danial,Ferry,reece@example.net,Jayme Loop,(418) 448-6213,2476-05-22,1386-05-12T12:30:00
Rodrick,Morissette,theodora@example.net,Reuben Vista,1-630-116-4132 x85596,8372-06-18,1693-11-06T06:59:00
Michele,Boehm,skylar@example.com,Jennifer Knoll,760.850.4628 x181,4642-08-04,2632-11-24T07:24:00
Norbert,Barrows,edmund@example.com,Johathan Junctions,136-412-6529 x109,6535-01-14,8330-10-13T08:01:00
Idella,Weimann,alexis@example.org,Grant Track,1-902-585-8385 x123,2687-05-19,7108-12-17T22:07:00
Donato,Douglas,sharon@example.com,Prosacco Circles,934.648.5118,7839-03-02,4077-06-26T18:33:00
Jessie,Wunsch,delaney@example.com,Mueller Freeway,521.853.1993 x97686,5853-10-22,4955-03-17T15:52:00
Elena,Lind,javier@example.com,Georgette Knoll,1-540-465-6210 x785,7218-12-25,1838-05-15T06:56:00
Esta,Wiza,jamie@example.org,Botsford Row,1-167-913-0673 x844,9378-09-26,2777-06-25T18:01:00
Nyah,Johnston,trisha@example.org,Sauer Glen,887.180.6396 x65054,6605-02-02,2581-03-03T05:55:00
Jeffery,Gislason,maiya@example.com,Hane Village,456.810.9135,9207-03-14,2341-08-06T04:55:00
Nella,Mayer,sonia@example.net,Yolanda Isle,651.463.2913 x99216,8159-01-07,2492-07-10T00:32:00
Chad,Fritsch,rowena@example.com,Angela Motorway,(545) 391-1661 x39987,9802-12-11,1569-11-19T09:15:00
Lera,Schaden,keaton@example.org,Schroeder Mount,1-314-701-8524,9185-01-08,6836-09-17T05:58:00
Major,Kozey,verner@example.com,Erdman Place,540.226.4864 x9766,4617-01-06,2868-12-27T13:50:00
Chanel,Cummings,jedidiah@example.com,Feeney Crossroad,(406) 768-7157 x4036,3711-08-18,5231-09-12T09:27:00
Sebastian,Miller,jonathan@example.org,VonRueden Shoal,(996) 145-6574 x028,5314-08-09,9305-04-03T06:20:00
Mabel,Carter,alexandria@example.net,Murl Stravenue,1-361-628-4615,3095-07-22,4773-06-10T05:18:00
Lindsey,Pagac,maria@example.net,Okuneva Valley,400-929-0850,2738-10-07,6268-06-24T01:48:00
Keven,Durgan,hadley@example.com,Boehm Loop,857-612-3001 x6539,9867-06-14,8822-09-13T18:48:00
Chanelle,Stokes,nasir@example.org,Keshawn Square,597-239-3216 x873,4661-09-05,6227-09-15T04:19:00
Nya,Reilly,lester@example.org,Adolph River,1-963-152-7467,2123-05-11,5649-12-11T19:21:00
Harmon,Gutkowski,stephany@example.net,Sedrick Court,802-917-4602 x38308,7308-01-22,8126-09-09T08:58:00
Cloyd,Schoen,april@example.org,Jed Station,751.649.6308,7405-07-31,6658-02-27T23:37:00
Jettie,Kunze,jermain@example.net,Grant Loaf,1-860-937-7845 x50213,4566-11-03,5734-01-28T01:17:00
Eliezer,Beatty,pansy@example.net,Anibal Drives,102.576.6315 x3171,7381-02-26,9770-08-18T07:44:00
Terry,Parker,janice@example.com,Henderson Brook,1-232-230-3798,2848-09-25,3129-12-17T16:54:00
Melba,Dach,gilberto@example.com,Marion Light,914-234-0408 x37983,7534-02-05,9322-11-07T11:44:00
Pauline,Keeling,ima@example.com,Terrill Pass,1-755-535-6713,2509-11-01,4787-10-20T11:30:00
Jalyn,Waelchi,danielle@example.net,Johnson Walks,684-260-4922 x2389,2836-11-29,1888-04-16T20:48:00
Marilou,Mraz,beaulah@example.com,Brett Fort,1-420-384-0850,4410-01-06,8534-04-20T16:27:00
Violette,Kshlerin,virgie@example.org,Schowalter Shoals,407-997-2958 x23041,9367-07-04,3430-09-21T17:59:00
Effie,Kemmer,tessie@example.org,Amiya Hollow,(404) 024-7587 x225,9350-10-26,6694-10-01T12:58:00
Prince,Tremblay,evert@example.org,Retha Isle,(531) 984-4565 x14327,3508-03-27,8105-08-27T09:34:00
Adrian,Bergnaum,faustino@example.org,Roma Manor,(255) 467-7404,7932-09-10,2623-08-26T04:36:00
Schuyler,Lockman,clementine@example.org,Johathan Freeway,1-982-757-2308 x62609,1770-02-22,6914-04-19T06:23:00
Murphy,Morar,lila@example.org,Hagenes Mill,754.414.3456 x069,8254-08-13,2251-10-14T22:47:00
Adolph,McCullough,ivory@example.org,Rice Manor,762-781-8024 x0417,6666-07-08,6099-12-18T00:03:00
Austyn,Gerhold,humberto@example.com,Arvid Shoals,1-365-342-8365 x718,8036-09-08,9697-07-11T02:36:00
Robert,Thiel,alba@example.net,Hintz Plains,1-123-509-1536 x564,8553-03-23,6138-10-18T05:15:00
Amari,Schmidt,clemmie@example.com,Sammy Creek,267-025-2907 x6985,3315-09-23,3182-07-31T23:42:00
Walton,Mills,caesar@example.net,Marvin Turnpike,1-171-904-4442 x2679,7713-10-19,4882-10-08T13:16:00
Imani,Romaguera,lorna@example.net,Stiedemann Vista,308.388.0235 x52603,7810-02-10,9322-10-22T16:46:00
Brice,Schimmel,laura@example.com,Klocko Brook,1-562-333-7557 x083,6477-11-30,6527-06-09T06:22:00
Verlie,Kris,corine@example.org,Kaci Ville,1-389-460-5401 x84459,1358-02-21,4010-02-06T09:40:00
Joaquin,Kuvalis,tod@example.com,Jaime Prairie,250-887-6644 x7827,6061-02-18,8061-05-17T18:33:00
Missouri,Hilpert,bernita@example.com,Jacques Rapids,112.908.9874 x518,8896-07-28,6978-04-08T06:31:00
Vaughn,Kub,alivia@example.org,Strosin Drive,115-930-3432,3622-08-24,1230-01-10T04:41:00
Idella,Anderson,jack@example.com,Friesen Well,1-440-487-9458,1459-01-28,4701-05-03T15:26:00
Danial,Hayes,godfrey@example.org,MacGyver Garden,268.364.4267 x5923,1383-11-28,5502-12-31T02:28:00
Sydney,McGlynn,stacey@example.net,Little Way,580.777.9310,3444-07-14,5442-07-03T13:18:00
Vernice,Von,jonathan@example.com,Hilpert Estate,(450) 721-0576,8978-01-16,5177-01-21T04:54:00
Sean,Bogisich,mariana@example.org,Tess Plains,1-730-838-0899,4575-12-16,7033-10-25T16:22:00
Kieran,Shields,alessandra@example.net,Corwin Greens,1-651-632-4679 x3835,1709-06-03,8717-02-28T19:42:00
Julia,Dicki,corrine@example.com,Robel Islands,566-110-9415 x75618,8927-01-02,5853-02-19T05:18:00
Elmer,Mayer,maurice@example.com,Heloise Passage,(339) 412-5672 x84485,8076-03-05,4267-03-11T05:51:00
Devon,Kozey,kobe@example.net,Rolfson Motorway,317-011-7912,3443-04-19,5741-02-09T23:08:00
Name,Ebert,keagan@example.com,Rusty Trafficway,1-356-804-2978 x75162,1971-10-12,3117-08-08T06:22:00
Lilla,Hammes,demond@example.net,Shania Radial,490-559-7778,4916-02-18,8118-03-30T05:54:00
Daphney,Kohler,silas@example.org,Lind Islands,274.250.4218 x08023,5496-07-30,4784-06-01T18:36:00
Raheem,Bernhard,maximilian@example.org,Brown Station,816-708-5408 x53608,2967-05-31,3191-06-11T12:22:00
Michelle,Gottlieb,era@example.net,Dolly Mountains,1-910-270-1662 x0515,8393-04-02,4228-03-02T00:34:00
Corine,Swift,darby@example.com,Kendrick Fort,1-299-798-5389 x516,1449-10-25,8985-12-17T12:15:00
Javon,Zemlak,marion@example.com,Libbie Hollow,1-278-179-8675 x411,3090-02-13,3599-02-21T00:32:00
Adalberto,Graham,leopoldo@example.net,McGlynn Freeway,264-957-1471 x3299,6819-06-27,3123-02-22T16:50:00
Seamus,Cole,leila@example.org,Alec Road,320.697.4008 x66518,8453-10-23,9878-02-26T01:44:00
Reta,Feest,isobel@example.org,Huels Points,190.918.0309 x0929,8938-09-19,5147-02-02T02:26:00
Olin,Breitenberg,manley@example.org,Ethyl River,500.945.3203 x8347,7875-07-06,3972-09-03T00:17:00
Lizzie,Bechtelar,simone@example.com,McLaughlin Gardens,1-886-170-5415 x16146,4509-07-16,2067-10-27T06:48:00
Keenan,Murphy,bessie@example.com,Elenor Vista,(544) 653-3401,8694-07-26,2587-12-21T16:30:00
Garry,Schuster,scottie@example.com,Patricia Mountains,1-691-596-2870,4513-06-05,4643-05-15T00:40:00
Keanu,Will,rosanna@example.net,Padberg Spurs,980.341.9117,9731-11-13,6843-05-03T09:51:00
Cynthia,Botsford,enrico@example.net,Williamson Field,239-822-4306 x032,4385-05-29,1784-10-17T11:46:00
Susie,Grimes,kiley@example.org,Summer Glens,593.739.3321 x60254,2174-07-20,9190-10-22T11:57:00
Jada,Littel,markus@example.org,Schamberger Land,533-356-8675,8603-05-23,5762-08-11T08:43:00
Hellen,Dooley,serenity@example.org,Armando Brook,688-587-0051,2834-04-26,9250-03-20T05:39:00
Jeffery,Smitham,roosevelt@example.org,Graham Divide,141-415-4557 x0433,3339-05-20,2309-06-08T05:30:00
Maegan,Sipes,clemmie@example.org,Sylvan Row,351.715.7482 x767,1015-11-17,8129-10-28T08:27:00
Gregg,Huel,alba@example.net,Kub Unions,216-162-5010,5971-08-05,8216-03-24T06:23:00
Rhea,Weimann,joe@example.net,Amir Parkway,1-817-128-9556 x1018,9471-02-11,6800-11-20T14:27:00
Alice,Heathcote,michaela@example.org,Cindy Fields,(420) 520-2104 x46323,7355-03-12,4880-08-22T02:32:00
Elvie,Lubowitz,octavia@example.com,Runte Extensions,(260) 193-0206 x695,5550-07-04,6467-07-24T03:01:00
Frederik,Spinka,marcella@example.com,Tromp Neck,1-853-476-2262 x983,9363-04-17,8808-04-25T20:45:00
Hector,Gaylord,dannie@example.org,O'Kon Plaza,230.298.5292,4734-06-05,9116-10-17T04:24:00
Malcolm,Hegmann,nasir@example.net,Gregoria Trail,390-856-9393 x4584,1506-04-20,6431-03-21T07:51:00
Therese,Denesik,joana@example.com,Laisha Ramp,1-233-737-1213 x28283,9850-11-04,3198-05-19T17:05:00
Donna,Homenick,zion@example.net,Gusikowski Gardens,(399) 490-1297 x44370,9035-12-03,4648-06-15T11:30:00
Moses,Lesch,lawson@example.org,Hazle Forks,(829) 109-4503,8289-12-28,8898-02-27T07:12:00
Angus,Schoen,monty@example.net,Linnea Shoal,(382) 122-6066 x7175,7939-05-02,8711-01-21T10:06:00
Josefina,Bode,roosevelt@example.net,Kutch Walk,266-763-9437 x163,2718-09-02,5650-02-08T16:42:00
Israel,Quitzon,armani@example.org,Brown Squares,661-444-4461 x436,4636-10-25,5209-08-12T11:11:00
Alaina,Leffler,kade@example.net,Zboncak Wall,830-025-3872,6758-08-01,5173-06-23T08:46:00
Oren,Konopelski,morton@example.com,Leo Lake,173-123-8326 x115,1245-08-02,5429-07-27T11:33:00
Alvina,Feest,andre@example.com,Larkin Green,570.787.2284,5601-10-01,9229-08-05T22:38:00
Elvera,Murray,laurel@example.net,Kassulke Mountains,(409) 469-2505 x8627,2447-12-27,5989-08-15T07:14:00
Danielle,Feest,charley@example.org,Smith Pike,1-377-493-5070 x0501,5353-04-01,9515-01-08T07:25:00
Howard,Rempel,cortney@example.org,River Junctions,518-417-5831 x3701,1714-02-24,4657-12-20T01:28:00
Michaela,Marks,dashawn@example.com,Hartmann Lights,320.154.5888 x1712,6592-05-03,9368-06-13T00:57:00
Ramiro,Renner,vallie@example.net,Luettgen Road,(520) 433-9668 x9021,1824-03-13,9047-07-08T18:27:00
Justyn,Kris,jermey@example.net,Sawayn Passage,1-369-266-7105 x543,7416-04-03,1146-01-18T05:34:00
Bailee,Schinner,favian@example.com,Hackett Centers,439.923.2273,1302-12-29,6767-12-31T02:09:00
Mia,Bernhard,cedrick@example.net,Marilou Roads,1-900-220-6551 x878,6307-06-22,9436-11-17T03:44:00
Reyna,Schmeler,herta@example.com,Daniel Route,1-414-556-3285 x0060,8103-05-24,7333-06-11T01:12:00
Alfonzo,Schumm,lisette@example.net,Erdman Grove,1-645-599-0710 x955,8660-05-01,4756-05-19T06:38:00
Audie,Strosin,ryan@example.org,Aufderhar Branch,883.374.5591,5995-11-28,9436-12-20T21:15:00
Constance,Mueller,allen@example.org,Myrtis Mountain,335.064.8372 x78004,4090-04-04,9542-06-12T15:16:00
Reyna,Jakubowski,collin@example.net,Santa Knoll,1-528-974-4256 x7634,5114-05-31,6179-09-07T22:43:00
Chase,Blick,emilie@example.com,Moore Meadow,354-336-5681 x432,8579-11-10,2915-07-09T19:06:00
Mazie,Wuckert,earlene@example.com,Stoltenberg Lane,276.585.4125 x93993,1462-08-26,5836-10-03T11:08:00
Kirsten,Denesik,carlee@example.com,Yundt Expressway,884.422.0598,2740-06-26,6485-08-25T09:03:00
Margaret,Gaylord,kelvin@example.com,Kling Fall,881.520.0716 x902,9732-11-17,9586-03-03T06:07:00
Kadin,Bradtke,sarah@example.com,Dejuan Shoal,(260) 250-3373 x693,8961-06-24,8957-03-28T00:56:00
Liliane,Bashirian,jamil@example.org,Runolfsson Track,1-924-100-2770 x681,7263-06-13,1569-08-09T21:40:00
Ivy,Leuschke,daisha@example.net,Okuneva Road,(560) 800-0978 x2683,7538-07-07,2992-03-22T10:45:00
Corine,Lehner,jordi@example.com,Fredy Glens,983-664-3357 x68160,3853-09-02,4000-11-05T00:50:00
Norwood,Schoen,ron@example.com,Volkman Port,731.269.5698 x4400,1846-08-09,1952-04-16T21:06:00
Antwan,Kreiger,deanna@example.com,Rosanna Parkways,1-548-104-1238 x02043,5173-06-17,4811-11-30T02:33:00
Justen,Anderson,kaylin@example.com,Jast Ports,487.423.9729 x234,9792-05-29,2588-04-04T10:57:00
Winston,Kirlin,shany@example.com,Federico Passage,1-671-876-1567,2234-04-28,2660-01-26T06:36:00
Ayana,Heidenreich,rosemary@example.net,Hahn Village,134-194-8943,7342-08-19,9657-11-09T05:04:00
Hans,Wiegand,carmella@example.org,Koch Pike,1-944-229-5102 x3147,8491-08-07,4877-01-19T12:19:00
Constantin,Hamill,gage@example.org,McLaughlin Ridges,879.475.9469 x927,4249-08-09,2334-09-18T09:10:00
Estel,Lockman,haskell@example.org,Bayer Trail,559.425.9790 x243,9960-11-01,4565-06-28T00:44:00
Kenyatta,Friesen,josiah@example.com,Ted Streets,(979) 031-5375 x43981,5552-08-13,3472-08-19T12:44:00
Antoinette,Bailey,terrence@example.org,Adam Oval,1-400-893-1265 x344,4572-09-30,5589-01-23T04:14:00
Mohammad,Dare,ila@example.com,Sid Inlet,1-440-687-2893 x540,9028-04-19,9436-10-21T15:44:00
Cleta,Metz,rhoda@example.com,Barrows Tunnel,613.877.7676 x54505,3704-01-13,8652-06-17T08:54:00
Israel,Hessel,marquis@example.org,Domenic Canyon,1-147-970-6545 x355,2360-10-27,9889-10-23T21:32:00
Franco,Hahn,lyda@example.com,Coby Common,1-490-573-2140,7515-08-10,8937-01-07T23:13:00
Celia,Mante,louie@example.net,Lurline Fork,1-769-873-0542,4778-05-12,6981-05-14T00:17:00
Charles,Lakin,timothy@example.org,Uriah Via,988.221.0800 x9233,4461-11-14,6279-01-09T07:04:00
Russell,Schimmel,chase@example.org,Myrtis Terrace,(646) 292-4668 x92456,4654-10-01,3130-03-21T01:38:00
Minnie,Von,carlo@example.net,Leffler Centers,1-628-617-0471 x5190,8054-11-19,2793-09-24T18:02:00
Keegan,Hoppe,carley@example.org,Harris Court,753-375-0062 x89444,3858-07-10,1767-05-20T17:06:00
Vivienne,Predovic,scottie@example.net,O'Keefe Center,331-519-4432 x3112,8458-07-31,9819-09-04T16:30:00
Eula,Gleason,jannie@example.com,Layne Skyway,1-689-461-9150,9523-05-30,4067-11-21T16:45:00
Kip,Davis,lilla@example.net,Orn Motorway,1-391-190-8453 x7808,2960-07-27,7474-05-12T21:42:00
Garry,Boehm,russel@example.com,Cleo Hill,399.585.3015 x5337,4006-04-10,8056-01-01T23:05:00
Gerhard,O'Connell,trudie@example.net,Camren Mill,902-989-6207,8838-05-30,3515-04-04T19:23:00
Golden,Konopelski,natalia@example.net,Jennie Springs,(971) 174-8482 x2355,2651-07-14,6489-05-26T17:32:00
Marilou,Schulist,edmund@example.net,Ransom Knoll,(151) 912-5126 x506,1093-05-09,9201-07-21T15:32:00
Ramiro,Feeney,bernadette@example.net,Jacobi Estates,421-556-2343 x5620,4731-03-27,1219-01-14T09:32:00
Brenna,Pfannerstill,danial@example.com,Fay View,1-742-613-0640 x1606,8111-09-11,3600-11-19T00:12:00
Talon,Nitzsche,kayla@example.com,Hoppe Inlet,449.588.9459 x0147,1008-10-22,3258-07-21T08:55:00
Millie,Wehner,devin@example.net,Terrence Heights,879.870.1183 x3470,8391-04-05,7759-04-18T02:07:00
Wilburn,DuBuque,marge@example.com,Aletha Extensions,778-595-8273 x194,4245-01-13,2734-10-11T20:55:00
Patricia,Senger,weldon@example.net,Gusikowski Spur,571.498.9430 x385,6218-03-13,2010-03-21T18:46:00
Onie,Parker,brock@example.net,Lucius Row,1-658-609-4845 x98676,4701-01-19,6876-06-25T01:05:00
Jazlyn,Dach,miracle@example.org,Pouros Coves,597.295.4270 x444,6725-12-07,5510-08-09T03:19:00
Glenda,Kilback,emmanuelle@example.net,Pacocha Harbor,840-692-1992 x9737,6403-08-16,8094-03-05T05:49:00
Jalen,Macejkovic,carol@example.com,Willie Vista,1-685-643-5978 x683,6621-10-15,5092-04-09T20:02:00
Blaze,Auer,aaron@example.com,Okey Mission,315-575-1184,2104-05-26,2876-05-16T11:09:00
Marta,Bradtke,monica@example.net,Colt Ford,1-251-766-6897 x9088,3515-08-10,9059-07-01T01:26:00
Marisol,Bins,patricia@example.net,Price Rue,(482) 121-3157 x5973,2017-09-26,5651-11-05T07:09:00
Jacey,Wilkinson,josiane@example.net,Napoleon Gateway,626.319.5898 x465,9270-06-01,1497-09-24T03:58:00
Shanon,Hilll,jammie@example.net,Sipes Drives,200.377.9134 x036,1596-01-26,8259-02-01T00:24:00
Tianna,Adams,ally@example.com,Bridie Estates,364.779.3549 x0002,5834-12-18,7577-06-07T12:59:00
Daron,Larkin,sonya@example.com,Derick Underpass,1-666-596-9384 x2647,4463-01-10,1945-03-11T16:04:00
Lessie,Franecki,charlene@example.net,Carey Wall,(645) 209-2275 x6010,4047-07-18,9558-09-21T07:11:00
Kattie,Borer,aaliyah@example.net,Thompson Land,411-673-2157 x444,5112-06-11,5559-12-08T18:18:00
Bonita,Eichmann,elinor@example.org,Jairo Fields,1-300-325-6002 x3835,7122-12-06,2794-02-09T04:48:00
Tressa,Blick,marty@example.org,Winifred Oval,1-567-291-5712 x429,6078-05-14,3944-02-11T13:26:00
Forest,Okuneva,annamarie@example.net,Katrine Plains,1-553-362-2651 x30286,2055-04-27,1261-06-16T19:16:00
Houston,MacGyver,lauryn@example.net,Jacobi Mountains,679.035.8401 x09495,1754-08-19,2747-09-29T17:07:00
Libbie,Macejkovic,wilburn@example.com,Runolfsdottir Plaza,864-945-7201 x17236,1824-06-17,3331-03-12T14:17:00
Roy,Boyle,maxime@example.com,Aliyah Ports,1-692-774-8048 x45259,9544-06-17,8577-03-19T00:13:00
Jovani,Bergstrom,talia@example.com,Luz Key,1-929-738-3820 x17921,2192-05-30,8240-10-19T12:45:00
Michael,Kassulke,dawn@example.org,Armando Wall,(872) 257-5108 x48935,7415-04-12,1030-03-14T21:07:00
Eliane,Kautzer,eugenia@example.com,Cruickshank Streets,644-197-7304 x2718,1055-04-29,4120-11-12T22:02:00
Camille,Quitzon,mercedes@example.org,Adams Mill,101-102-2216 x810,1013-11-12,5495-08-27T18:47:00
Birdie,Schmidt,ruthe@example.net,Bettie Squares,659.519.2680 x56260,4770-11-22,7887-10-29T15:57:00
Reed,Hickle,kathleen@example.org,Ernser Causeway,893.886.1753,6900-12-01,6930-09-18T12:50:00
Ed,Strosin,sasha@example.com,Gislason Squares,(513) 332-3212 x8320,8138-02-20,4613-09-02T01:59:00
Susie,Connelly,roberto@example.com,Eichmann Crest,1-513-934-6951,3370-03-10,2469-11-04T23:18:00
Derek,Goodwin,hal@example.org,Cruickshank Alley,1-615-011-7002,1815-03-01,1940-01-20T10:57:00
Stewart,Skiles,enola@example.net,Hilpert Causeway,422.868.3955 x679,1130-07-06,2444-12-20T22:19:00
Katrina,Herman,prudence@example.net,Kemmer Wells,444.894.0686 x082,9600-03-24,6551-11-23T03:38:00
Bobby,Glover,eriberto@example.com,Zachary Islands,(293) 390-9666 x9048,3176-06-14,5668-10-03T04:21:00
Harrison,Breitenberg,chet@example.org,Lauren Hollow,(170) 264-6955 x6954,5069-07-04,8800-12-10T01:55:00
Javier,Becker,ernestine@example.com,Olson Lakes,(686) 406-8543 x1114,7395-03-10,3132-01-17T01:55:00
Kendra,Dooley,isabel@example.net,Jerrell Field,939-576-0767 x4027,9984-06-02,6066-11-30T12:51:00
Alexandria,Bailey,bridie@example.org,Albertha Isle,135.544.5760 x89039,4286-06-24,8157-04-05T11:34:00
Dominic,Kerluke,ayden@example.com,Isabel Fords,923.357.9583 x01679,1472-04-19,7560-01-12T20:38:00
Dorothea,Fahey,helen@example.com,Mueller Corners,1-797-486-2708,7336-04-28,3868-06-12T19:36:00
Juvenal,Gottlieb,alison@example.org,Corwin Ville,(366) 267-0096 x68645,9385-05-11,5173-08-13T07:51:00
Lauren,Hettinger,beth@example.org,Heidenreich Inlet,359-671-5946 x3622,7984-09-09,1153-03-05T23:30:00
Clay,Thompson,monserrat@example.com,Zboncak Corner,212.768.8800 x44165,8937-06-05,5748-05-30T11:04:00
Andy,Ondricka,valentina@example.com,Jakubowski Wall,817.976.6445,4953-12-14,6690-03-04T08:48:00
Dovie,Bogisich,regan@example.org,Reichel Road,663-003-9226,5222-01-11,6843-06-24T17:04:00
Robb,Watsica,evan@example.com,Schumm Creek,208-106-6003 x3690,1181-12-14,9780-05-12T14:09:00
Napoleon,Langosh,emma@example.net,Jenkins Valleys,895.402.8101 x51150,9421-11-28,1091-10-25T06:47:00
Alanna,Weimann,ephraim@example.com,Abelardo Summit,(854) 764-6910 x8596,5859-10-01,5642-04-20T16:51:00
Roosevelt,Sanford,marcus@example.com,Micah Spurs,(619) 923-0224 x548,4600-04-06,9389-02-28T16:08:00
Kane,Treutel,vincent@example.org,Raymond Path,(750) 633-4259,8213-03-29,5595-03-07T02:08:00
Junior,Eichmann,nicklaus@example.com,Johann Dam,(445) 183-9769 x97636,7927-07-25,8373-10-11T09:48:00
Fermin,Wilderman,monica@example.org,Macejkovic Hollow,115-140-9286,5522-11-06,3878-10-10T22:15:00
Rosalee,Schmitt,amy@example.org,Georgianna Parks,855.632.2079 x470,4560-03-08,2839-05-10T21:44:00
Cleve,Torp,carlotta@example.com,Boyer Junction,1-752-057-8554 x839,5613-01-04,3385-04-10T00:56:00
Alford,Schoen,chase@example.org,Hallie Lodge,(488) 742-6679 x38819,1126-09-01,4631-09-12T20:38:00
Otto,Schuster,jacinthe@example.net,Rae Ferry,773-718-1532 x97224,3689-10-10,2689-04-16T19:13:00
Myles,Balistreri,darrick@example.com,Callie Camp,1-650-481-7242,1989-12-22,3318-10-20T08:47:00
Barbara,Mante,antonina@example.org,Guiseppe Crossroad,155-780-4134 x3604,9267-08-04,4125-06-27T21:02:00
Linwood,Runolfsson,jessie@example.org,Ziemann Parkways,(933) 787-3060,1560-06-14,1063-07-17T08:28:00
Orpha,Klein,sylvia@example.net,Cathrine Springs,707-841-2412 x83345,6800-04-05,4368-06-24T10:26:00
Lupe,Jacobs,janiya@example.org,Fay Ford,380.958.2180,4124-01-30,7429-10-21T00:19:00
Sydnie,Baumbach,blanca@example.com,Parisian Shores,1-870-427-5333 x2626,5960-02-28,5382-01-12T05:09:00
Caleb,Deckow,maryse@example.com,Tomasa Dale,(350) 658-8101 x99439,6994-04-16,5579-04-29T12:36:00
Matt,Kuhic,nickolas@example.com,Wayne Court,(506) 298-8057 x625,2392-07-07,7740-09-12T14:23:00
Carol,Schneider,jerry@example.org,Hauck Path,451-555-8240 x840,1838-12-14,6700-01-23T03:07:00
Caitlyn,Bednar,edwin@example.net,Savion Squares,515-956-0725 x1162,9531-02-05,8688-04-06T10:58:00
Delta,Franecki,ted@example.org,Harber Keys,296-956-4248 x00775,7933-04-19,1218-02-23T08:48:00
Wendy,Lakin,delphine@example.net,Nigel Estates,665-443-4335 x02210,4726-06-19,4101-09-16T22:39:00
George,Bernhard,simone@example.net,Francis Landing,402-669-4160 x997,2156-12-24,4167-11-20T18:38:00
Mauricio,Moore,johnathon@example.org,Murray Isle,(297) 263-6690,5069-10-18,8193-11-29T12:18:00
Ibrahim,Funk,sherwood@example.net,Parker Cliff,1-548-777-7584 x070,4771-08-18,8885-12-08T15:02:00
Johathan,Bailey,juana@example.org,Destini Course,(550) 830-0974,7166-10-10,3502-11-11T14:50:00
Francesca,Goodwin,francisca@example.com,Chance Ranch,1-454-223-5905 x4454,6149-09-06,9339-10-29T19:37:00
Loma,Glover,maverick@example.org,Percival Crest,1-980-618-5030 x9729,9848-04-09,6211-04-28T03:22:00
Mohammad,Halvorson,dean@example.com,Rickie Keys,(133) 207-3708 x1283,2790-02-07,8979-01-15T04:29:00
Lenny,Hammes,elna@example.com,Kathryn Throughway,832.890.8039 x22815,6328-07-11,8198-07-08T21:00:00
Elijah,Nienow,allan@example.net,Trystan Square,657.872.9123 x5951,2276-04-17,8149-03-07T01:16:00
Easter,Spencer,katarina@example.org,Hal Path,(537) 271-5902 x4804,8873-04-09,2919-06-20T15:30:00
Sarah,Hickle,aniya@example.net,Dorian Ford,780-402-5896 x1827,7472-01-04,3294-03-29T06:15:00
Allan,Torphy,rodrigo@example.net,Lynch Heights,307.328.2591 x00217,3134-02-23,4640-02-25T05:38:00
Kole,Lesch,dion@example.com,Shaniya Village,(721) 122-1968 x47094,5937-01-08,6826-11-26T11:00:00
Ryley,Swift,corine@example.com,Heathcote Land,1-902-535-2372 x265,8272-07-07,4648-01-23T10:37:00
Danny,Skiles,andre@example.com,Towne Pines,808.867.8536 x978,1913-12-28,9641-01-08T00:33:00
Jeanette,Kuhic,abdullah@example.net,Kristian Extensions,476-902-8120,9293-06-26,5256-07-15T01:21:00
Ansley,Okuneva,nella@example.com,Alvera Junction,1-247-498-5470 x88148,1210-02-24,7180-11-28T22:56:00
Jedediah,Tillman,cicero@example.com,Solon Spring,352-188-3987 x45959,3398-11-19,8996-01-21T14:58:00
Maeve,Wuckert,linda@example.com,Fae Cliffs,108-191-8785,3608-03-21,7208-11-12T04:13:00
Rubye,Lynch,troy@example.com,Johathan Views,(193) 186-3891 x04396,7543-01-18,9705-04-21T19:54:00
Rosetta,Gusikowski,alena@example.org,Morissette Meadow,185.511.3160 x31655,5095-03-17,9146-09-26T21:30:00
Trycia,Yost,alysa@example.com,Foster Tunnel,(656) 840-1009 x255,7818-10-28,9051-04-11T06:19:00
Mckenzie,Effertz,deangelo@example.net,Douglas Overpass,1-190-368-7101 x1852,3533-01-07,6834-01-25T16:42:00
Hazel,Medhurst,ariane@example.org,Jordane Tunnel,612-440-5881 x0298,1319-07-01,3365-01-17T11:09:00
Cali,Erdman,mae@example.com,Ratke Lake,1-951-467-3624 x12760,7936-10-21,8845-09-21T23:01:00
Simeon,Beier,jovani@example.com,Herta Inlet,(952) 396-1490 x349,7646-02-04,1121-01-06T09:20:00
Wendy,Klein,florence@example.org,Ernesto Summit,236.546.0758 x65456,8902-11-14,6908-12-13T18:56:00
Darren,Wilkinson,enrico@example.net,Steuber Burg,819.053.8561 x108,7814-12-24,8858-11-16T00:30:00
Jany,Daniel,phyllis@example.com,Evan Lakes,637-365-8447 x82454,9021-02-22,2489-12-29T10:57:00
Vince,Witting,laurianne@example.org,Gottlieb Stream,599-017-5404 x8980,9743-06-19,4509-04-02T13:37:00
Edyth,Block,alena@example.com,Veda Lights,713.966.5188 x340,6162-02-14,9784-06-08T18:36:00
Gillian,West,zaria@example.com,Jane Divide,299.944.1583 x6045,5586-07-17,6586-03-19T16:18:00
Kaylah,Sanford,alphonso@example.com,Lenore Wall,(649) 097-4983 x73459,4361-08-25,6849-04-08T01:34:00
Walker,Yost,lia@example.net,Emmerich Ford,(376) 237-8765 x420,6454-06-21,3071-08-14T01:45:00
Yesenia,Blick,frida@example.com,Douglas Drive,687-232-9174 x8642,5251-05-10,3664-06-29T09:51:00
Shanel,Bogisich,howell@example.net,Delfina Lock,(212) 424-4963,8964-05-16,1274-07-13T04:57:00
Gianni,Hilpert,neoma@example.com,Berge Brooks,506.874.2335,2545-02-13,7297-09-03T18:18:00
Wilburn,Hessel,casandra@example.com,Kreiger Circles,810.772.4319 x38914,6287-02-06,6698-05-26T07:45:00
Russell,Renner,isadore@example.net,Jason Points,530-199-9950,7478-08-08,5249-08-06T18:40:00
Mina,Adams,claud@example.org,Arlie Landing,810-517-8300,3132-04-28,4731-04-04T22:18:00
Eulah,Harris,mekhi@example.org,Trantow Plain,419.093.4478 x6068,3487-12-16,4812-12-16T15:41:00
Reggie,Weber,jocelyn@example.com,Hyatt Valley,466.171.5861 x24976,1906-12-16,9526-12-02T10:54:00
Hilario,Upton,kennith@example.org,Torp Parkways,112.444.7579 x268,9764-02-22,3546-12-27T08:28:00
Bertrand,Rodriguez,jairo@example.com,Cristopher Streets,917-505-0540,3951-10-14,2072-10-04T09:42:00
Kraig,Harris,otto@example.com,Hodkiewicz Ridge,(887) 807-0393 x88403,7478-08-09,9717-09-01T22:37:00
Cleveland,O'Conner,janet@example.net,Delphine Springs,807.411.2130 x367,1010-12-19,8867-02-14T09:26:00
Terrence,Langosh,solon@example.com,Wisoky Parkways,563.213.6136 x1148,4144-06-20,4100-06-14T21:12:00
Mario,Gislason,oscar@example.net,Stevie Prairie,1-688-236-9123 x783,9794-05-22,9800-07-19T14:41:00
Adrain,Volkman,esta@example.com,Schmeler Crossroad,(422) 235-0468,6510-08-19,5866-09-23T18:03:00
Damon,Hamill,charity@example.com,Buford Lodge,1-454-336-0019 x9285,4340-05-13,2883-03-08T19:08:00
Davon,Towne,albin@example.com,Lauriane Court,(398) 284-3273,9155-01-08,8424-12-04T01:10:00
Vernon,Koelpin,lila@example.com,Langosh Rapids,(618) 240-9755 x06806,5357-04-06,6108-02-13T08:20:00
Eliane,Franecki,amina@example.com,Carmel Village,245.928.9892 x525,7377-12-29,3639-03-08T07:58:00
Rigoberto,Schmeler,khalid@example.com,Okuneva Street,1-771-903-4820 x544,6978-11-06,4671-06-15T22:35:00
Mike,Johnston,geovanni@example.com,Macejkovic Parks,394-034-7656,6721-09-14,6956-04-08T05:10:00
Virgie,Green,gerry@example.net,Euna Spurs,(516) 106-8791 x1427,8078-03-09,1118-08-22T22:32:00
Boris,Tremblay,alisa@example.com,Schmitt Drive,811.500.7197,9277-01-03,5143-08-11T05:33:00
Chelsea,Bogan,carmela@example.com,Simonis Isle,837.279.6352 x14168,8193-04-28,6193-11-13T03:10:00
Corrine,McGlynn,hilario@example.org,Emard Lock,1-333-792-9551 x032,3112-03-07,5772-06-20T05:07:00
Ronaldo,Hahn,jackie@example.com,Greenholt Squares,(659) 122-7672 x2845,5358-10-17,7879-01-29T10:19:00
Torey,Crona,kieran@example.org,Jeremie Expressway,1-559-195-8982,7664-04-17,5119-09-25T13:06:00
Rico,Jenkins,courtney@example.net,Wintheiser Estates,438-418-4305 x030,4770-01-05,2105-08-07T10:44:00
Hector,Gorczany,jarrett@example.com,Carter Hill,682-372-8221,1753-04-01,4233-09-07T03:29:00
Faustino,Krajcik,florence@example.com,Francesca Lake,(446) 441-4043 x936,4666-07-11,3257-12-30T08:21:00
Roxanne,Rau,thelma@example.net,Connelly View,1-334-614-7096 x1891,7131-12-07,6629-05-22T14:03:00
Brianne,Bradtke,opal@example.com,Oceane Streets,937-712-8467 x0274,4369-06-25,6127-08-12T04:25:00
Herminia,Rowe,sean@example.net,Lynch Corners,576-459-3319 x62973,6227-11-07,2922-06-20T18:32:00
Ezequiel,Schiller,serenity@example.org,Jewel Dale,870.111.7776 x7522,6936-06-12,2857-05-06T17:26:00
Rosa,Macejkovic,elza@example.net,Hoppe Groves,773-227-7346,8421-03-16,9403-08-10T09:59:00
Eldon,Stokes,gunnar@example.com,Nathaniel Track,522.797.2274 x4803,5609-06-20,5723-04-22T00:43:00
Gennaro,Ankunding,emmie@example.com,MacGyver Freeway,523-344-6948,3850-06-01,5106-01-10T16:08:00
Antonette,Kunde,buford@example.org,Brakus Coves,811.692.4914 x54004,4843-09-03,6077-06-21T23:26:00
Elvera,Jakubowski,luisa@example.net,Conn Junctions,(171) 649-4409 x898,7845-12-30,8056-09-10T16:00:00
Alisa,Mosciski,courtney@example.com,Lubowitz Points,475-634-0105 x74852,9701-12-31,3660-11-28T16:18:00
Berry,Tromp,thad@example.net,Remington Gardens,1-451-772-2255,2026-11-28,3925-02-11T10:00:00
Stefan,Reichel,talia@example.org,Geovanny Junctions,607.999.1630,2806-08-04,8514-12-14T17:12:00
Dean,Waters,virginie@example.net,Bergstrom Unions,(711) 073-7636 x577,4995-01-27,3041-02-13T09:47:00
Coby,Terry,malvina@example.net,Amy Corners,(150) 594-3840 x3936,4361-10-14,3911-08-17T18:02:00
Leanne,Tremblay,juvenal@example.com,Koby Expressway,527-398-2158,7980-10-11,7784-12-28T22:11:00
Terrance,Haag,manuela@example.net,Marian Cliff,323-614-9453 x09703,9059-03-11,4883-09-28T06:08:00
Eunice,Vandervort,janae@example.com,Jaskolski Valley,319.648.4699 x3615,7917-03-02,4325-08-11T17:59:00
Vladimir,Veum,lucius@example.net,Kessler Dale,(584) 912-1864,7582-12-03,4477-04-27T22:41:00
Maxime,Harber,hilbert@example.com,Schaefer Wall,241-447-3614,1515-07-20,3373-11-19T13:37:00
Zoe,Labadie,emmett@example.org,Welch Fork,327.101.8994 x410,7845-12-12,7267-09-13T08:17:00
Cleve,Tillman,elise@example.com,Lorine Village,1-303-127-5354 x045,6942-10-19,3444-05-13T13:05:00
Ayden,Keeling,una@example.com,West Shoal,1-325-921-0739 x76373,3651-05-09,3331-11-02T19:12:00
Oswaldo,Stoltenberg,donald@example.org,Darlene Circle,963.556.5125 x9762,2916-08-04,2404-11-19T06:33:00
Foster,Ebert,serenity@example.net,Tremayne Well,(402) 731-2868 x279,9808-01-16,1406-10-14T05:29:00
Aditya,Douglas,elisa@example.net,Hills Cape,442-588-2240 x872,7630-06-13,8192-08-13T20:33:00
Vickie,Tremblay,charity@example.com,Dante Ferry,497-039-3871 x3097,5860-09-10,5690-07-17T17:47:00
Antonette,Bartell,alden@example.org,Johnston Turnpike,603.188.4722 x439,7838-10-23,5808-12-21T01:49:00
Thea,Morissette,cassidy@example.org,Friesen Crescent,1-217-567-3629,2967-11-18,2605-04-05T02:21:00
Brad,Labadie,minerva@example.org,Gino Courts,400-343-1267,7035-12-24,9788-05-21T12:41:00
Frieda,Gibson,adelle@example.com,Hilll Circles,1-128-559-1060,6483-08-11,4068-02-16T20:56:00
Cortez,Douglas,price@example.net,Jenifer Stream,640-042-5735 x665,1517-05-01,3606-08-28T12:51:00
Anastasia,Hodkiewicz,taylor@example.com,Abernathy Flats,729-807-5896 x8312,7213-10-30,9232-04-22T14:56:00
Jeremy,Huels,kevon@example.org,Percival Gateway,275-558-7355,7161-01-31,3330-04-27T01:15:00
Boyd,Schneider,graciela@example.com,Thurman Loaf,(217) 211-5188 x899,2191-02-26,3955-04-24T03:17:00
Teresa,Pagac,humberto@example.net,Stark Brooks,1-915-541-5065,7845-09-17,7691-10-29T14:11:00
Myah,Cormier,keely@example.com,Edmond Falls,(343) 088-1725,8088-01-19,9702-06-14T16:29:00
Heaven,Jenkins,jodie@example.org,Von Motorway,1-134-203-6219,2613-08-27,3322-04-04T21:29:00
Doyle,Labadie,shannon@example.org,Satterfield Motorway,555-716-6519,4699-02-10,2435-12-18T16:56:00
Sandrine,Gleichner,deon@example.org,Jadyn Cape,(984) 356-5889 x019,2129-08-17,5389-01-09T12:50:00
Jensen,Daugherty,doug@example.net,Sauer Motorway,353.152.7919 x4908,9244-09-25,7969-08-26T07:29:00
Bria,Haag,roderick@example.com,Hilma Divide,(261) 144-4445 x50421,3342-02-07,8179-09-08T14:56:00
Laney,Lowe,aleen@example.org,Nils Mills,324.011.5230 x8131,8798-04-16,4551-04-07T05:03:00
Letitia,Romaguera,sean@example.com,Blanda Ferry,850-885-8146 x2932,9954-10-31,1373-10-02T05:20:00
Enid,Stoltenberg,terry@example.org,Kelly Way,940.064.5081 x139,3647-09-19,1234-09-11T14:33:00
Aletha,Kohler,gabriel@example.net,Ashlee Port,1-773-763-8337 x5653,5476-04-16,8150-11-05T11:23:00
Nasir,Labadie,delia@example.net,Stella Turnpike,(988) 712-5311 x236,6495-12-26,4531-08-19T09:21:00
Lorenza,Ebert,andres@example.net,Rogelio Island,756.366.8137,8957-08-25,9651-10-13T10:23:00
Dave,McClure,dedrick@example.net,Rippin Centers,435.059.1831 x09936,5250-07-10,7822-12-20T09:50:00
Donnie,Goldner,sofia@example.net,Alison Ramp,413-839-2101 x693,1481-11-29,6783-09-25T07:23:00
Laisha,Schmidt,alphonso@example.org,Walsh Canyon,(597) 434-4893,1539-11-25,3112-10-16T04:21:00
Raoul,Fahey,vivian@example.net,Nitzsche Island,613-212-9618,2977-02-01,4235-07-06T01:17:00
Osbaldo,Smitham,kaylie@example.com,VonRueden Squares,(989) 866-8023 x581,1173-08-19,2876-08-31T09:46:00
Percival,Wilderman,abner@example.net,Durgan Stream,471-039-2484 x0954,7782-02-24,8394-10-03T13:42:00
Clara,Kerluke,howard@example.net,Creola Fields,1-700-516-2183 x4250,9005-11-08,6273-01-08T04:45:00
Allene,Treutel,aron@example.com,Yessenia Square,(335) 230-1141 x56956,3285-12-01,3221-10-10T15:39:00
Zack,Jones,laurel@example.com,Emile Haven,(583) 711-6625,2523-02-12,2652-10-25T21:39:00
Domenica,Mante,prudence@example.org,Vincent Walk,329.452.4895 x710,4839-10-21,9600-01-04T19:40:00
Braeden,Lockman,griffin@example.org,Bartoletti Course,1-958-846-0106 x747,4283-04-12,4123-10-09T08:50:00
Rico,Leuschke,milo@example.org,Hermiston Keys,(969) 236-1400,9995-09-03,8818-07-16T12:06:00
Jordane,Langworth,louie@example.net,Alf Fort,1-991-139-4071 x7247,5190-06-01,6738-07-13T22:12:00
Travon,Vandervort,moshe@example.net,Nikki Squares,313-576-0197,7799-11-06,2772-05-26T15:22:00
Maxwell,Crist,gracie@example.org,Leslie Underpass,1-318-912-1854 x303,2161-08-10,1995-07-22T09:28:00
Carroll,Hahn,marquis@example.net,Summer Villages,319.651.7172,9727-01-05,9449-01-23T11:11:00
Junius,Kunde,kendall@example.org,Ferne Rest,1-372-215-0643 x827,6483-11-14,9914-03-26T01:50:00
Roxanne,Morar,clarabelle@example.com,Kenyatta Village,323.533.1064 x4315,6452-10-11,6826-10-31T07:37:00
Dannie,Carter,maxie@example.org,Lowe Manor,322-191-9831 x95174,4489-07-18,9897-03-25T23:34:00
Nicklaus,Huel,carmel@example.com,Gottlieb Roads,888-330-1312 x57942,1917-08-14,4215-07-03T16:35:00
Madaline,Jacobson,antonietta@example.net,Sammy Valleys,1-720-802-9413 x64262,1598-07-03,7469-09-13T08:11:00
Ronny,Wunsch,daron@example.net,Veum Corner,609.150.8848 x634,5017-04-10,6257-08-01T00:46:00
Ashleigh,Ebert,gianni@example.net,Satterfield Estate,1-831-698-5246 x26159,3273-07-22,3816-10-04T16:33:00
Deborah,Robel,monserrat@example.net,Vince Summit,1-485-432-4799 x56927,9462-07-04,9250-02-25T07:54:00
Magdalen,Parker,elliot@example.org,Grady Fork,336.283.3215 x736,6627-04-21,7357-01-22T14:58:00
Michaela,Nicolas,chandler@example.com,Jerde Ridge,271-352-4214 x1857,3776-04-24,7809-04-09T09:14:00
Larissa,Deckow,london@example.net,Jerome Plains,386-360-1987 x98030,1153-07-10,6175-01-01T03:09:00
Rebekah,Deckow,deion@example.com,Kenna Roads,420-948-5251,8884-08-07,2468-09-14T21:41:00
Nannie,Wiza,kylee@example.com,Swaniawski Neck,177.343.7142 x5243,9887-01-30,3777-12-31T08:01:00
Taylor,Stokes,alec@example.com,Tremayne Forest,485.228.3003 x5141,4184-10-06,4689-07-29T21:41:00
Casandra,Reynolds,vesta@example.com,Kareem Mountain,865.348.2743,9170-11-17,9072-03-08T12:53:00
Filiberto,Okuneva,jennings@example.org,Dicki Burgs,(351) 796-1727 x6128,9350-12-01,6556-02-16T08:15:00
Brendon,Emmerich,sienna@example.net,Luella Divide,1-435-382-6733 x6536,2061-07-31,2937-10-26T09:14:00
Christophe,Wunsch,leonel@example.com,Collin Springs,176.036.4789 x25013,6967-03-28,4566-02-05T04:15:00
Brandi,Schumm,ryley@example.net,Graham Hill,(110) 910-4393 x7436,9980-12-29,3651-06-19T04:42:00
Cody,Bayer,quinten@example.org,Wunsch Ridges,(644) 932-4077 x44122,9062-02-10,6150-02-23T02:27:00
Victor,Kirlin,jan@example.net,Ima Shores,782-693-0508 x631,4163-07-20,7137-10-25T15:37:00
Jakayla,Batz,jeanette@example.com,Murazik Plain,1-820-091-9707 x60268,8536-07-29,2197-09-20T19:08:00
Mekhi,Medhurst,emory@example.com,Douglas Stravenue,582.973.8758 x0484,5870-08-19,6786-09-26T08:33:00
Zelma,Macejkovic,shaniya@example.com,Marquise Harbors,(562) 092-0221 x60761,6180-11-23,3698-12-28T04:55:00
Jace,Miller,candida@example.net,Hermiston Drive,1-626-303-1641,8901-06-04,8722-06-25T12:38:00
Daren,Corwin,leo@example.org,Cordia Prairie,1-835-303-2749 x92979,4898-09-30,7373-02-17T07:59:00
Ike,Lynch,conner@example.org,Elfrieda Stream,1-894-891-3694,7207-04-08,2314-09-12T10:20:00
Adrianna,Hudson,wellington@example.net,Von Lake,328.392.6669 x77765,3702-03-21,6438-11-15T08:12:00
Daron,Rogahn,blake@example.com,Foster Vista,1-448-166-5793 x877,2375-08-20,4353-06-10T03:41:00
Pearline,Shanahan,sydnie@example.org,Jamal Fords,1-987-356-2446 x0916,5342-02-14,5234-12-15T08:29:00
Odell,O'Keefe,humberto@example.net,Turcotte Summit,174.196.2333,4995-09-10,6605-08-22T21:53:00
Norberto,Raynor,isaiah@example.com,Reece Unions,(974) 283-4070,4043-12-21,4277-07-05T18:53:00
Ardith,Blanda,lavina@example.net,Reichert Divide,(201) 799-6861,1175-10-05,5920-02-09T18:32:00
Maida,Brakus,urban@example.net,Reynolds Vista,1-197-071-5133 x11401,1970-11-11,6268-08-09T17:49:00
Adaline,Corkery,shyanne@example.com,Taurean Ranch,167-746-9118 x86280,9452-07-23,2839-08-20T05:03:00
Adaline,Beatty,alvah@example.net,Melyna Square,433.486.4898,4709-09-06,4290-06-21T15:16:00
Jerome,Kemmer,edison@example.net,Olen Courts,437.630.7636 x395,6212-12-25,8705-12-03T19:43:00
Jordy,Lind,marge@example.com,Brando Islands,(193) 554-7080 x598,3443-03-23,8828-09-16T19:58:00
Madelyn,Collier,alexa@example.net,Chloe Meadow,640-364-9222,8247-02-26,9145-10-16T21:51:00
Fae,Keebler,zora@example.com,Percy Well,(818) 113-2573 x87022,8285-03-05,5205-01-31T21:05:00
Dane,Champlin,herminia@example.org,Borer Center,1-164-195-2629 x091,8876-02-07,2216-07-02T08:18:00
Deven,Bayer,karlie@example.org,Donnelly Springs,1-592-775-4599 x16755,9773-08-19,6899-07-01T14:11:00
Teresa,Gislason,russel@example.org,Lueilwitz Turnpike,494-281-0593,6968-10-02,3525-03-16T19:50:00
Emelia,Berge,keon@example.com,Justen Roads,1-701-599-3664 x6394,9484-07-03,8651-04-14T17:43:00
Amelie,Bayer,orion@example.com,Rolfson Landing,(277) 016-4842 x074,4364-09-29,2720-06-20T10:07:00
Shanel,Koss,aurelia@example.org,Toy Village,(904) 715-2052 x553,1905-11-30,9642-03-31T17:33:00
Carlo,Larkin,elody@example.net,Oberbrunner Orchard,361-452-2945,1668-08-23,6170-05-04T22:40:00
Shawna,Padberg,dereck@example.net,Herta Trail,985.184.5462,4203-09-30,4372-09-02T08:10:00
Breana,Bailey,manuela@example.com,Cathryn Centers,1-296-700-5918 x505,9474-04-07,8315-12-25T04:54:00
Llewellyn,Bergstrom,desmond@example.org,Treutel Plaza,(809) 843-9230 x63278,1817-05-24,8603-06-23T20:53:00
Gabriella,Gleichner,ryan@example.com,Pfeffer Mall,(931) 458-4672 x1215,6930-11-12,9503-12-09T05:11:00
Ivory,West,paula@example.org,Sydni Hills,201.671.7203 x37120,9131-04-02,4325-06-02T05:44:00
Lavinia,Hammes,kirstin@example.com,Jacobi Burg,(213) 126-5347 x572,4938-07-26,1663-06-23T01:55:00
Annetta,Vandervort,mathilde@example.com,Braden Ridges,594.342.3496 x3132,4276-09-23,1113-11-13T18:46:00
Amanda,Leannon,delilah@example.org,Thad Spring,661-920-0872,8441-10-26,6263-01-26T08:24:00
Henri,Hintz,jay@example.net,Ward Ville,1-583-964-7222 x762,7416-08-22,1720-06-14T06:49:00
Hope,Hand,clinton@example.com,Mayert Tunnel,(883) 299-4729 x6840,2384-04-30,7233-09-25T02:32:00
Rogers,Cummerata,william@example.org,Norval Coves,(353) 702-4647 x95211,9964-10-10,7296-03-19T13:10:00
Liliane,Stanton,lambert@example.net,Strosin Keys,251.843.6576 x5500,2395-03-29,7585-05-07T19:22:00
Noelia,Keebler,eric@example.com,Brenden Greens,1-408-195-0102 x594,5466-09-02,9418-07-06T10:58:00
Adriel,Hagenes,dashawn@example.com,Pacocha Forest,(200) 565-2403,4762-12-02,3732-02-27T21:56:00
Jairo,Stokes,marques@example.com,Turcotte Vista,264-237-0103 x789,1275-10-15,4283-03-05T17:41:00
Jeffrey,Hermiston,wava@example.org,Carroll Junction,(993) 165-8777 x851,6686-08-13,5038-03-04T01:06:00
Colleen,Sauer,milan@example.com,Dietrich Prairie,314-463-9030 x749,7372-10-21,9319-09-14T01:06:00
Dorian,Rice,ron@example.com,Gaylord Rapids,808.228.8431 x0774,1172-12-02,1918-02-12T20:59:00
Raven,Parisian,brett@example.com,Hudson Union,519.514.5477 x64595,9236-03-07,4227-02-14T20:27:00
Danika,Kuhn,christina@example.com,Lesch Knoll,163-308-6519 x2629,9610-03-01,4497-02-25T14:43:00
Nicolas,Koepp,margarete@example.org,Dickinson Row,1-527-489-1397,9250-02-19,3952-09-28T16:07:00
Cecile,Klein,ismael@example.com,Alyce Passage,305-187-8252 x1333,4415-04-09,5439-06-29T09:23:00
Arlene,O'Keefe,katherine@example.org,Dayton Meadows,223-457-3003,6054-11-27,2533-05-01T15:09:00
Francesca,Kozey,mckayla@example.com,Mayer Meadows,105-896-9599,3051-02-18,1671-01-12T08:13:00
Parker,Fay,mireya@example.org,Simeon Glens,673.506.8901 x785,9491-04-05,5096-06-08T18:44:00
Dallin,Bradtke,providenci@example.com,Misael Groves,896.818.7086,4087-03-01,1710-03-29T00:50:00
Josefina,Stoltenberg,deshaun@example.net,Bernadine Ford,1-451-370-7523 x17202,2566-08-07,2933-09-18T14:01:00
Elinore,Lueilwitz,vicente@example.com,Koch Club,(352) 854-8635 x5701,6702-04-27,7364-10-07T23:59:00
Amie,Renner,dee@example.net,Millie Parks,838-663-3307 x7844,9685-02-24,1535-01-25T19:05:00
Hellen,Okuneva,tyrique@example.com,Reichert Crescent,172-917-8528,6908-01-16,7466-01-09T06:33:00
Timothy,Medhurst,karli@example.org,Melvina Loop,548.166.1410 x3661,3714-01-18,2949-06-19T10:52:00
Eriberto,Champlin,bernice@example.net,Emerald Village,1-896-481-9285 x9013,2704-05-22,6006-01-29T14:53:00
Brady,Bruen,adalberto@example.org,Kayleigh Light,986-842-9185 x59211,7818-10-19,3608-06-25T02:22:00
Odie,Farrell,filiberto@example.net,Ruthie Underpass,(324) 430-5408 x0462,9956-05-04,7433-05-18T00:32:00
Orie,Pacocha,vesta@example.net,Jasmin Fork,1-179-082-3354 x529,1206-09-20,1084-08-31T22:42:00
April,Glover,vernice@example.org,Rau Viaduct,796-914-7176,7734-06-07,6561-01-14T02:03:00
Hans,Mills,jevon@example.net,Antone Camp,1-237-620-8138 x966,1925-05-18,1109-07-23T03:04:00
Fannie,Farrell,vilma@example.org,Buck Port,630.630.5117 x1787,1649-09-30,7113-11-18T19:37:00
Conor,Rippin,blaze@example.net,Jerde Shores,695-082-3121 x28962,6730-02-22,1543-03-28T03:48:00
Liza,Johnson,marc@example.com,Libby Ford,1-504-049-9590 x77744,7667-03-03,9555-03-15T10:27:00
Urban,Mueller,paxton@example.com,Theresia Cove,1-987-895-0528 x854,9110-10-29,5711-12-28T16:07:00
Gladys,Farrell,keira@example.net,Douglas Cove,(750) 468-7308 x9428,7347-08-17,9188-04-15T22:38:00
Alexa,Corkery,rhiannon@example.org,Ritchie Park,1-957-587-3079 x87769,3899-07-29,3538-11-02T14:53:00
Ludie,Lubowitz,jettie@example.net,Cara Heights,355-112-1103 x387,1899-10-05,8801-01-27T20:46:00
Samson,Wolff,marcus@example.net,Cummerata View,331.946.9128 x2472,5946-11-11,2247-12-21T02:15:00
Blair,Collier,ambrose@example.org,Hartmann Valley,1-904-266-2250 x182,8223-11-15,9333-05-28T02:52:00
Chelsea,Toy,julio@example.com,Berge Drive,1-937-814-3684,7420-01-18,2699-07-12T20:55:00
Edythe,Schimmel,rylee@example.org,Cyril Heights,715-183-7949 x5795,8851-12-29,5738-09-18T02:48:00
Aliza,Terry,emilia@example.org,Pearl Viaduct,740.408.9546 x4406,8940-07-14,1021-07-23T22:49:00
Orpha,Tromp,mohamed@example.org,Adeline Summit,500.372.5271 x32704,5487-09-26,4713-02-09T16:45:00
Norris,Hyatt,vada@example.net,Jasmin Locks,176-117-3287 x883,7467-12-31,8949-09-14T04:18:00
Adriel,Strosin,rebekah@example.net,Lavinia Avenue,695.869.0491 x94671,3570-06-02,6514-11-05T04:01:00
Eli,Schoen,arne@example.com,Lucious Extensions,1-870-487-0316 x39024,4525-12-18,4239-05-17T18:05:00
Delia,Windler,eliseo@example.com,Lila Pine,658.268.8190 x46654,7376-09-08,4258-01-20T01:09:00
Zelda,Cremin,elias@example.net,Bailey Junction,781-060-7320 x68546,7877-01-02,2049-08-24T12:01:00
Micaela,Frami,keon@example.com,Lavina Landing,947.717.8880 x2623,9562-09-28,1365-06-23T05:34:00
Weldon,Brown,conrad@example.com,Ferne Turnpike,368.969.7971,3268-03-11,1547-10-25T14:38:00
Lottie,Rippin,kamron@example.com,Hartmann Mountains,(267) 484-9356 x17982,1086-06-22,7343-01-07T04:56:00
Michele,Wuckert,lloyd@example.com,Miles Mall,1-608-838-6962 x89628,2333-03-12,9414-09-10T13:39:00
Devin,Rosenbaum,donavon@example.org,Johnson Mountain,(590) 359-1417 x0677,9816-05-21,5093-04-29T19:20:00
Yoshiko,Harvey,gerhard@example.net,Marvin Route,(590) 781-0128 x54677,8007-08-27,3620-01-03T13:10:00
Destin,Jenkins,destin@example.com,Deckow Ridges,199-438-0943 x552,4802-12-05,1195-10-21T12:11:00
Magdalena,Stroman,tracy@example.org,Rodriguez Road,1-224-103-8076,6438-06-13,1143-07-04T13:04:00
Ethyl,Hickle,eloise@example.org,Austen Fall,367-087-8231 x2074,5029-01-22,1467-04-12T08:25:00
Clotilde,Hauck,gunner@example.org,Lebsack Lakes,1-915-492-0279 x94303,1871-01-30,1077-10-10T02:09:00
Rosalyn,Spinka,katharina@example.net,Regan Forges,1-839-548-0550 x316,4486-04-06,6032-11-30T13:28:00
Braxton,Shanahan,elliott@example.com,Daniel Lake,1-689-634-3889,5237-03-09,9204-10-17T06:36:00
Parker,Friesen,audie@example.net,McDermott Course,(574) 958-9547 x7797,2850-04-05,6421-07-04T09:22:00
Karolann,Dietrich,leonor@example.com,Berge Lane,325.204.1951 x1110,9851-01-18,5702-12-31T05:16:00
Genevieve,Goldner,loraine@example.net,Jerde Heights,876.619.0617,7919-12-27,7619-11-30T10:15:00
Felicity,Gulgowski,viviane@example.net,Reichert Ranch,1-931-769-9894 x30058,7987-02-26,3956-08-11T03:32:00
Adrain,Koelpin,grady@example.net,Vandervort Radial,(597) 119-4284 x040,5330-02-22,3110-07-18T23:31:00
Braden,Senger,rowland@example.com,Petra Key,560-271-2993 x189,7829-06-03,6646-06-17T07:56:00
Brenden,Schroeder,aiden@example.net,Bailey Lodge,(293) 822-6728 x2214,1439-03-12,4397-09-18T20:19:00
Aryanna,Daniel,uriel@example.com,Padberg Trail,391.136.2547 x18509,6821-01-25,2921-12-13T09:33:00
Sigmund,Gusikowski,brady@example.com,Shany Mall,685-283-4714,9391-06-24,5380-01-27T22:37:00
Leonel,Haley,lisa@example.org,Mazie Junctions,903.756.3513 x2587,2130-05-16,4717-09-30T11:32:00
Norris,Lubowitz,loyal@example.net,Carter Drive,872-888-0042 x4098,3204-04-13,4163-07-28T23:30:00
Peggie,Bruen,retha@example.com,Paula Burg,(315) 950-6779,5964-12-29,6566-02-25T06:48:00
Gerald,Armstrong,buddy@example.net,Eldon Groves,302-453-2237,1979-08-24,4374-07-16T06:03:00
Cicero,Johns,rosario@example.net,Kay Pine,932.277.4496 x026,4736-07-06,9675-04-06T09:10:00
Hiram,Larkin,tre@example.net,O'Conner Turnpike,686-286-3924,9684-08-24,1924-01-24T07:16:00
Elta,Christiansen,ansley@example.net,Christiansen Summit,125-787-3258,6088-08-16,2937-09-25T08:22:00
Lucius,Keebler,ole@example.net,Keely Brooks,1-174-993-2963 x30336,5140-03-07,9725-06-24T19:51:00
Sean,Hauck,mustafa@example.com,German Orchard,1-878-322-7802 x0937,2212-04-01,3627-04-01T16:26:00
Cecile,Mohr,carlos@example.org,Bonita Key,549.922.0353 x07772,5010-12-11,3456-11-19T16:26:00
Joesph,Abshire,leanne@example.net,Brenna Viaduct,(411) 175-2103 x449,8746-08-05,2161-09-27T20:32:00
Vincent,Hermann,duane@example.net,Stephon Union,1-234-959-1910 x8168,7099-04-15,9300-03-17T01:00:00
Vernice,Zulauf,jenifer@example.com,Berge Pass,506-547-5753 x9583,8504-10-28,5871-07-26T13:15:00
Johnathon,Monahan,taryn@example.org,Kamille Cape,1-955-822-4434,5976-12-29,2286-01-07T05:23:00
Aurelie,Hyatt,michele@example.com,Edwina Crest,(666) 050-2670 x86813,9298-07-06,5153-06-05T17:51:00
Dante,Hartmann,gonzalo@example.com,Zboncak Plaza,404-719-0371 x23802,1657-10-15,5166-03-08T03:41:00
Saul,Franecki,johnathon@example.net,Ebba Isle,(632) 935-1674,2908-05-07,4550-01-12T06:42:00
Diana,Bernier,gail@example.net,Fay Shoals,(786) 007-1471 x3509,2828-05-29,6327-01-31T22:06:00
Kelsie,Ondricka,dasia@example.com,Koch Route,1-249-991-8199 x60426,6112-07-23,6941-12-07T06:37:00
Angelita,Mraz,larue@example.com,Runte Mews,641-609-4614 x75949,9878-07-12,6185-04-14T23:12:00
Esther,Ryan,juliet@example.org,Fay Mission,(356) 755-5760 x86179,1770-12-22,7090-08-10T02:43:00
Giovani,Quitzon,alysa@example.net,Skiles Springs,934.612.9298,4034-04-25,4567-02-17T12:13:00
Vivien,Abshire,loy@example.org,Rickie Highway,802-051-6732,6137-07-16,4879-02-13T21:05:00
Adriana,Lemke,mckayla@example.net,Dee Overpass,504-389-4871 x6578,5295-07-24,8687-12-09T21:25:00
Jaylin,Rau,brent@example.net,Scot Manor,809-525-6042,1698-06-15,9678-11-11T07:10:00
Evans,Mueller,micaela@example.org,Lindgren Haven,979-467-6807 x867,4415-10-21,1975-12-21T06:19:00
Alisa,Kuhlman,laila@example.org,Libby Centers,578-323-4835 x658,2976-11-03,6380-10-12T19:45:00
Jovan,Sanford,edwina@example.com,Langosh Trace,1-341-695-5382,1760-02-03,2307-10-15T19:34:00
Baron,Nicolas,gerson@example.org,Harrison Canyon,762.968.3589 x7336,8744-04-21,1501-10-24T00:18:00
Dayton,Weber,maida@example.com,Alvena Place,(782) 091-1045 x512,7433-06-27,6400-12-26T16:23:00
Rory,West,frederique@example.net,Dimitri Isle,1-916-486-1755 x0108,5024-10-22,1760-01-20T12:42:00
Albin,Will,kamryn@example.net,Eladio Pike,654-858-2839 x4815,8443-05-14,9233-08-29T17:35:00
Uriel,Berge,michael@example.org,Fabiola Island,873.082.9603 x73534,3089-06-08,6893-04-16T06:19:00
Natasha,Hintz,hettie@example.net,Stroman Loop,1-924-736-0939 x848,2928-02-18,6735-12-07T02:28:00
Clemens,Schinner,claudia@example.net,Parker Green,1-150-074-8041,3225-04-11,6575-03-14T16:12:00
Marianne,Hyatt,edison@example.net,Effie Parks,(765) 940-4067 x874,6559-10-02,8987-03-24T23:44:00
Nash,Mante,weston@example.net,Joanie Streets,718-749-7831 x7630,6460-01-13,4009-11-04T21:14:00
Johathan,Langosh,arvel@example.net,Reinhold Shoals,893.026.2629 x3561,9473-07-31,1296-03-21T21:53:00
Everardo,Walsh,schuyler@example.org,Agnes Square,1-140-628-5925,3340-09-18,6721-03-20T11:26:00
Lesley,Strosin,hertha@example.com,Flatley Corner,(870) 402-1792 x111,9145-08-09,1528-10-07T04:06:00
Kristoffer,Gulgowski,chad@example.net,Junior Estates,(642) 490-3134 x82409,7801-03-26,9481-10-16T19:12:00
Dagmar,Jaskolski,herminio@example.com,Stacey Lights,(488) 558-5448 x3754,4623-12-09,9649-07-06T18:23:00
Hester,Keeling,hattie@example.org,Fabiola Mountains,602.304.6238,5325-01-07,9058-02-21T21:24:00
Zane,Quitzon,margaretta@example.com,Bednar Points,158-224-0197 x16271,1604-12-31,2384-06-25T00:06:00
Adalberto,Waters,gennaro@example.net,Sheila Tunnel,1-444-344-0317 x97431,3117-02-15,7919-12-18T09:49:00
Nakia,Littel,adriana@example.org,Otilia Glen,915-584-5455 x36746,1720-06-30,6570-02-16T22:40:00
Daryl,Harvey,waylon@example.org,Gianni Via,1-467-058-8063 x5469,4443-08-28,2234-05-23T13:35:00
Johann,Greenholt,caesar@example.net,Legros Lane,(365) 754-6078 x325,3159-05-13,3221-01-19T14:13:00
Katharina,Kshlerin,lauretta@example.org,Roy Canyon,497-573-9390 x9735,7789-04-29,2260-10-03T09:09:00
Mireille,Lowe,rafaela@example.com,Gutmann Ridges,181-135-6624 x814,8562-06-10,6965-03-08T09:57:00
Gilda,Pfannerstill,mozelle@example.org,Floyd Meadow,509-144-8991 x90848,3960-10-29,4645-10-09T09:33:00
Alia,Bruen,noelia@example.com,Nikolaus Street,(683) 961-0802,7408-01-28,8132-10-05T00:27:00
Vernice,Howell,elyse@example.org,Declan Rapid,726.756.6217 x53076,6498-07-31,7027-10-01T03:08:00
Peyton,Weissnat,jennyfer@example.net,Golda View,1-677-330-4856 x64573,7305-12-19,6674-12-15T23:01:00
Landen,Marvin,dustin@example.net,Clovis Haven,(333) 144-3105 x865,7173-05-10,1844-07-04T08:11:00
Hermina,Lehner,reanna@example.com,Roberta Mission,207-360-5035 x0287,8550-02-20,4106-05-08T18:29:00
Violet,Kshlerin,alta@example.com,Ankunding Parks,(124) 099-2186,2337-09-30,8869-11-17T15:33:00
Susie,Koss,wyatt@example.org,Gleason Crest,698.843.2754,1524-03-26,8018-03-30T23:01:00
Louie,Herzog,lenore@example.org,Abbott Spur,713-444-5494 x5912,5654-10-03,8157-05-12T22:18:00
Valentin,Mayert,doyle@example.com,Jarred Squares,(251) 596-0010,2491-06-29,2550-05-11T12:45:00
Esta,Dibbert,elvie@example.com,Carmela Tunnel,777-734-4532 x4393,6768-09-24,3954-10-20T04:49:00
Rodolfo,Green,ayla@example.com,Frederique Way,893.222.1508 x81543,4669-09-09,2143-09-11T19:20:00
Cristobal,O'Hara,robb@example.org,Gleason Flat,(654) 486-1033 x9503,9969-11-13,9125-09-25T22:57:00
Deangelo,Armstrong,abraham@example.com,Feil Bridge,865-122-9414,5070-10-11,9444-05-08T20:52:00
Walker,Haley,hulda@example.org,Delia Canyon,670-274-5417 x24566,4928-11-30,2369-11-26T08:01:00
Kelsi,McCullough,verlie@example.com,Kory Trail,359.943.8136 x3477,1951-10-01,7252-04-05T05:52:00
Dorian,McDermott,jaleel@example.net,King Turnpike,1-828-838-6989 x1148,9380-05-05,6584-08-20T16:17:00
Elmo,Schaefer,jessica@example.net,Larkin Ways,1-117-245-0620,3666-06-08,1300-12-15T19:21:00
Jerrold,Leuschke,trevion@example.org,Kali Port,1-616-771-6107,2409-05-06,5649-02-09T06:26:00
Julian,Balistreri,dovie@example.net,King Crossroad,(914) 900-3999 x190,9527-02-14,4782-02-14T13:29:00
Imani,Olson,edwardo@example.net,Junior Stream,179-943-1956,5792-05-31,7535-07-29T15:28:00
Courtney,Conroy,giovani@example.net,Funk Well,1-623-367-3897 x01818,5888-06-19,3181-09-05T09:39:00
Kelsie,Gulgowski,odie@example.com,Ozzie Circles,(572) 159-9506 x72885,6912-11-24,9753-07-05T02:33:00
Norbert,Medhurst,haskell@example.net,Brett Ville,(399) 109-6360 x515,4823-09-17,2115-07-11T03:24:00
Ozzie,Trantow,shanny@example.com,Verdie Walks,557-880-8376 x02012,4796-03-06,5893-06-22T12:33:00
Catherine,McCullough,dallas@example.com,Heidenreich Camp,1-168-157-6433 x46572,8101-04-03,4582-09-14T06:44:00
Rosemarie,Senger,mustafa@example.org,Uriel Lock,521-604-6845 x62007,7369-01-08,1405-08-27T02:27:00
Nestor,Oberbrunner,ismael@example.org,Martine Hill,1-516-398-3375,2977-08-14,9479-09-18T22:32:00
Carlos,Dare,zoe@example.org,Weber Keys,900-083-4288,3098-01-16,4888-06-15T21:43:00
Anissa,Rath,jerad@example.org,Amir Turnpike,1-356-439-6604 x75098,8911-08-12,9963-08-21T15:32:00
Jules,Lynch,janet@example.org,Kling Roads,1-376-115-4290 x672,9523-08-22,3448-02-14T11:06:00
Terrill,Tromp,misael@example.net,Dortha Villages,774-990-1477,5773-04-20,6740-08-08T11:50:00
Kathryne,Baumbach,tiffany@example.org,Ruthie Prairie,(573) 883-9817 x11547,4986-11-18,3872-01-19T09:47:00
Mia,Harvey,marina@example.net,Mueller Mountain,738-398-0942 x143,1646-06-08,1813-04-27T10:31:00
Margaret,Senger,arlene@example.org,Wallace Ferry,(957) 792-6540,5464-11-03,5748-11-02T19:51:00
Asa,Konopelski,paxton@example.com,Cruickshank Bridge,470.323.4247 x57137,9923-08-30,3758-08-25T18:23:00
Lamar,Brekke,cedrick@example.com,Thurman Mall,1-738-401-8595 x1708,5521-07-27,4933-03-06T10:00:00
Filomena,Larkin,pete@example.org,Mitchell Fall,(542) 883-4985,8546-12-31,6836-11-05T19:15:00
Abbie,Blanda,amara@example.com,Lemke Turnpike,495.993.9266,7145-10-13,3750-05-18T14:37:00
Aliza,Cormier,willie@example.net,Langosh Centers,1-355-194-7748 x4205,2353-02-12,8702-01-16T20:58:00
Montana,Boehm,fiona@example.com,Fay Stravenue,(434) 594-1635 x732,4074-03-27,4349-07-27T11:33:00
Olen,Raynor,stephania@example.org,Towne Rue,930.715.7418 x1265,5363-08-10,1302-09-29T00:18:00
Herman,Streich,gunner@example.org,Pauline Lakes,925.486.5885 x8653,7280-12-25,1038-04-27T09:24:00
Shakira,Hayes,royce@example.net,Lawrence Vista,400.631.5063 x2611,1573-03-20,8884-01-18T21:59:00
Philip,Schaden,casimir@example.org,Clare Squares,(493) 491-1497 x6603,9112-01-03,2615-04-19T06:44:00
Torrey,Wehner,kennedi@example.com,Steuber Forks,339.801.9235 x31275,9403-03-03,8293-04-14T09:32:00
Mariela,Raynor,colleen@example.com,Mariah Glen,459.303.0960 x6100,5205-07-24,9016-03-14T09:46:00
Vicente,Stark,ashleigh@example.org,Fanny Knolls,(404) 127-2904 x8549,2624-03-09,7881-09-07T02:14:00
Hermann,Larson,gwendolyn@example.net,Purdy Plains,1-447-444-0529,4316-08-15,9796-05-08T15:47:00
Bo,Wunsch,jada@example.com,Stephon Haven,633-381-8594 x313,2460-07-08,6434-12-15T13:57:00
Kiana,Deckow,kevin@example.net,Hal Walk,127.257.9461 x40380,8571-05-24,5344-02-03T05:09:00
Maxine,Leffler,ezra@example.org,Eichmann Ford,1-445-915-0928,4837-10-14,4316-08-22T18:04:00
Colleen,Harber,roderick@example.net,Brain Fork,677-184-7533 x554,8520-09-19,4743-12-12T13:41:00
Vella,D'Amore,gianni@example.com,Gottlieb Stravenue,1-743-511-7337,7665-09-04,3510-09-05T22:41:00
Johnpaul,Rolfson,fred@example.com,Favian Brooks,152.703.0697,3900-08-08,5269-04-23T07:31:00
Viviane,Torphy,kristy@example.net,Carey Knolls,763-011-8698 x4267,4145-01-13,9960-03-23T17:22:00
Jarvis,Pouros,wilburn@example.org,Estrella Point,(703) 357-2677 x993,4964-04-21,6906-11-30T13:29:00
Erich,Baumbach,rubye@example.com,Shanahan Isle,1-200-669-9162 x68994,3129-12-13,7085-05-02T03:38:00
Stuart,Schinner,barney@example.com,Lionel Highway,719-462-9173 x2771,5292-10-03,9452-04-20T21:07:00
Bertha,Jacobi,darrion@example.com,Goyette Center,950.356.4815,8570-06-04,7619-04-01T02:23:00
Rowland,Kunze,emmie@example.org,Nikolaus Greens,1-917-303-1097 x07096,1267-07-16,4300-05-03T22:28:00
Brooklyn,Gulgowski,estelle@example.com,Kub Rapids,1-167-851-2010 x7299,7335-06-24,7592-06-04T15:10:00
Adaline,Grant,chelsey@example.org,Davis Crescent,(620) 932-8886,9168-07-13,7974-03-02T18:36:00
Mandy,Vandervort,kyleigh@example.com,Cremin Canyon,(601) 220-5694 x673,6740-12-12,9927-03-07T04:27:00
Ethyl,Windler,alene@example.net,Darien Track,647-010-1713 x234,2474-09-14,5755-07-04T11:00:00
Alfonso,Schaden,lenora@example.com,Alfreda Cliff,162-794-7411,5784-04-12,1144-01-06T15:49:00
Shemar,Nolan,kayley@example.com,Will Mews,489.316.8410 x19417,7036-12-11,3730-10-06T18:10:00
Jonathan,Harris,marcelo@example.com,Satterfield Green,(278) 311-6816 x85434,6988-05-03,9534-07-18T06:26:00
Jarod,Brekke,royce@example.org,Orrin Points,1-535-734-1829,6397-08-05,3593-12-09T07:56:00
Concepcion,Ondricka,althea@example.org,Lubowitz Divide,669.486.3458 x06617,7787-11-21,5425-05-31T23:52:00
Ernestina,Smitham,sadie@example.net,Erdman Inlet,1-182-915-9815 x4539,9769-11-05,4018-01-26T09:10:00
Lizzie,Harvey,arvid@example.net,Brenda Ridge,392.317.7641 x46603,7025-01-18,7434-02-25T18:30:00
Danyka,Nader,jordyn@example.com,Weissnat Valleys,1-974-133-7639,2632-06-28,5924-09-25T16:05:00
Linwood,Marquardt,lacey@example.com,Rohan Springs,487.511.9951 x8660,9109-05-20,5686-08-17T10:12:00
Gerson,Skiles,lloyd@example.net,Elna Plain,503-949-8168 x411,4859-01-01,1990-08-30T16:37:00
Einar,Hegmann,watson@example.org,Luettgen Pine,803-422-3684 x23200,3919-03-03,3841-06-11T10:21:00
Jillian,Rosenbaum,triston@example.org,Dorian Squares,304.976.5030 x3525,1436-12-10,1206-04-16T22:06:00
Shaylee,Balistreri,maci@example.org,Johnathan Highway,1-904-231-0379 x3423,3321-11-16,6481-12-15T03:52:00
Aniyah,Hessel,reed@example.org,Evangeline Circles,107-143-9476 x5887,8061-05-08,9439-10-11T22:51:00
Landen,VonRueden,lue@example.com,Taurean Summit,1-714-112-6113 x8962,1532-03-24,3321-06-26T08:43:00
Roma,Cruickshank,delpha@example.net,Gleason Falls,1-493-023-4340 x900,3937-09-30,5203-02-23T19:39:00
Gail,Rodriguez,maybell@example.net,Feil Canyon,(618) 327-7917 x2903,7890-04-19,4938-06-26T00:09:00
Isom,Wisoky,jazmyn@example.com,Lillian Meadow,362-315-1357 x993,4271-08-28,2379-08-22T21:09:00
Bradford,Davis,dillan@example.net,Leuschke Plains,1-184-926-0326 x6766,1963-09-10,4163-07-07T07:21:00
Rosemarie,Schultz,wilford@example.org,Hilario Rapid,1-723-877-0553 x740,9398-10-22,7892-05-28T12:59:00
Daphne,Moen,horace@example.org,Mraz Parkway,668.653.8719 x78366,6249-01-30,4458-10-01T22:08:00
Carter,O'Conner,bernard@example.com,Von Tunnel,1-683-326-7743,1888-05-03,6952-12-16T22:44:00
Meta,Erdman,camylle@example.org,Prohaska Road,382.804.2045 x4433,4514-04-19,2038-09-26T04:52:00
Zack,Swaniawski,sydney@example.net,Wolf Circles,125-002-5114 x5269,4397-10-26,1928-08-21T20:27:00
Gerard,Ortiz,abigale@example.com,Barrett Rest,278.557.9971 x09750,3517-10-18,7081-11-21T13:58:00
Retta,Emard,reed@example.org,Rutherford Isle,1-817-772-6023 x5500,8055-01-02,4587-10-04T00:16:00
Elna,Anderson,brook@example.org,Horace Villages,(849) 567-0944,4516-12-11,7942-03-05T22:16:00
Clementina,Muller,alene@example.net,Watson Shoal,442.602.6330 x9590,1415-02-18,2142-09-11T12:19:00
Filiberto,Bayer,jarvis@example.org,Nitzsche Courts,793-957-8561,2757-12-30,8954-10-04T13:09:00
Donnie,Yundt,aliya@example.com,Maritza Flat,1-295-403-0972,6145-02-10,8938-08-04T20:31:00
Amber,Wuckert,anne@example.com,Quitzon Villages,556-532-8701,1754-05-08,9398-10-13T13:07:00
Joanny,Raynor,hubert@example.org,Lera Mountain,708-896-8606 x5470,2894-10-14,6191-12-24T12:45:00
Keith,Gutmann,fleta@example.org,Jorge Mission,1-803-753-8452 x7353,3371-10-16,8012-06-19T22:47:00
Elaina,Hirthe,sanford@example.net,Mose Plain,716-776-8415 x2525,3357-12-23,8138-05-25T10:39:00
Rosalind,Cruickshank,cordie@example.org,Bernhard Overpass,(993) 233-6515 x499,4591-03-22,9978-02-27T13:02:00
Madaline,McGlynn,angel@example.com,Schulist Burg,392.960.1647 x5070,1798-01-06,4851-04-17T23:03:00
Ari,Kunde,rachelle@example.net,Ullrich Burg,(785) 804-3700,7142-11-18,9888-01-29T07:09:00
Wade,Howell,june@example.com,Lesch Plains,630.153.2170 x517,2124-11-06,8070-08-16T09:58:00
Adriel,Spinka,icie@example.net,Wilson Shore,615.068.8349 x42646,4003-04-14,4726-07-08T05:10:00
Berry,Lowe,mable@example.com,Dooley Bridge,230.385.8443 x646,6245-06-27,4345-01-23T22:02:00
Clementine,Altenwerth,andreanne@example.com,Zboncak Via,174-175-9222 x8901,4957-07-12,9090-06-26T13:25:00
Cameron,Hoeger,una@example.net,Karine Lane,(134) 369-2549 x95722,2513-04-13,8501-12-15T12:10:00
Jeffry,Zboncak,anika@example.com,Isai Street,567-020-3368 x841,9146-08-12,4523-02-22T16:43:00
Camden,Fahey,jonathon@example.org,Heller Hills,378-679-4795,7048-11-25,4021-08-07T17:51:00
Elvera,Cummerata,estefania@example.org,Jerde Curve,1-663-890-4085 x0460,2787-05-20,9624-12-29T04:38:00
Kirk,Weissnat,bailey@example.org,Dean Pass,1-542-652-9835 x4990,7617-09-30,2020-03-01T20:32:00
Jayson,Goodwin,nathen@example.net,Jones Summit,505.136.9214 x86227,2212-02-17,9941-08-01T15:21:00
Mozell,McClure,adelle@example.net,Hauck Forks,771.561.2142 x7768,5192-09-07,1405-03-28T10:47:00
Woodrow,Leuschke,margie@example.net,Jenkins Overpass,1-676-762-5068 x3270,7279-12-19,2680-06-09T21:30:00
Preston,Schmitt,tyreek@example.com,Wiza Villages,442.200.8259,5328-02-21,5184-07-13T05:53:00
Bennett,Robel,nathanial@example.com,Velva Stravenue,1-798-252-9413 x4210,7335-10-20,1965-08-08T01:37:00
Laney,Stracke,creola@example.com,Tressie Cliff,450.203.4404,2567-05-14,7848-01-14T16:29:00
Barbara,Johnston,ivory@example.com,Ruecker Islands,142.180.0872 x513,2452-09-29,5310-09-16T10:48:00
Leland,Schaefer,crystel@example.net,Teagan Park,1-953-331-1948 x03491,1866-08-26,9162-05-21T11:46:00
Karolann,Gleason,rex@example.com,Florencio Streets,1-886-871-7188 x03759,2830-06-18,7983-09-28T03:14:00
Yasmeen,Wuckert,rhoda@example.net,Kerluke Vista,318-985-1023 x604,6850-12-11,6993-11-16T13:15:00
Kurt,Gibson,orpha@example.com,Muller Shores,1-781-689-7817,5969-06-04,2117-07-15T20:44:00
Irma,Bins,ernest@example.net,Verla Gardens,977-210-6414 x956,4777-12-02,1070-03-24T06:33:00
Sylvia,Stoltenberg,hope@example.net,Terence Ridge,635.660.2994,9802-02-19,2442-08-20T01:59:00
Amya,O'Reilly,nick@example.net,Zieme Street,1-745-958-5516 x0265,5090-02-23,7503-08-13T10:53:00
Dwight,Buckridge,howard@example.com,Antonia Pike,215.757.4903 x280,2987-12-18,2983-12-25T11:26:00
Karli,Krajcik,brock@example.net,Fermin Haven,(821) 640-6044 x9290,1276-11-24,7123-12-31T01:09:00
Dashawn,Kihn,carmen@example.net,Berge Springs,1-392-530-5380 x16689,2079-02-24,9277-08-10T17:45:00
Elisabeth,Schumm,chanelle@example.com,Schaden Key,1-834-659-2797,2706-12-30,1731-05-20T10:14:00
Toni,Kemmer,connie@example.com,Kirlin Extension,1-851-316-9456 x3681,7292-03-17,3509-03-14T18:28:00
Alicia,Ferry,madie@example.net,O'Keefe Ridge,(693) 683-6133,6909-06-10,6667-09-06T07:48:00
Augusta,McCullough,shyanne@example.com,Eichmann Crescent,938-062-2668 x50111,1631-08-01,9385-09-03T20:52:00
Anais,Bosco,brenda@example.org,Schmidt Trail,406-856-9250 x69532,7184-07-26,5832-01-23T06:27:00
Valentin,Crist,ethelyn@example.net,Baylee Ridges,(931) 331-0944 x10231,7575-05-30,1944-11-24T18:41:00
Verner,West,alessandra@example.org,Robel Garden,1-535-062-0560,2427-11-20,4346-12-07T09:13:00
Gayle,Hermiston,brice@example.org,Blick Station,281.681.6596,7010-08-12,1972-05-07T06:41:00
Nicola,Maggio,evangeline@example.net,Crona Mountains,107-733-6952,3491-08-21,9277-05-20T01:14:00
Norbert,Kassulke,kameron@example.org,Marcia Station,786-848-3155 x24477,8263-08-17,5959-06-30T17:26:00
Theodore,Rippin,demarco@example.com,Jett Ville,319.982.8955 x6643,7114-07-04,6691-12-04T00:37:00
Uriel,Ankunding,erick@example.com,Kuhic Heights,128-995-6737,7408-07-02,5437-12-17T02:58:00
Eileen,Russel,fernando@example.net,Amina Ridge,(466) 870-7325 x3370,6525-06-17,4847-01-20T19:58:00
Lolita,Bruen,kole@example.com,Kassulke Avenue,(748) 179-9839 x75640,3679-06-19,5302-09-13T14:55:00
Travon,Cruickshank,eleonore@example.net,Dooley Row,(956) 430-0061 x37027,5570-06-20,5436-08-03T07:29:00
Rosamond,Schmeler,branson@example.org,Frederique Gateway,304-981-6386 x44165,5460-10-27,9326-10-24T23:27:00
Caleigh,Huels,vicenta@example.org,Alfonso Forges,1-366-045-0791 x4865,8644-03-08,6374-10-09T03:40:00
Samson,Kunze,eric@example.org,Durward Village,(607) 140-9745 x969,2999-06-24,8548-02-29T05:32:00
Amie,Christiansen,donna@example.org,Deondre Dam,971-337-5930 x1961,2777-09-02,6411-08-04T06:38:00
Serena,Mante,rolando@example.org,Domenica Groves,920-105-6674 x7766,6990-02-23,1864-02-04T21:47:00
Buddy,Hilll,vaughn@example.net,Bartell Dam,576.561.1699 x19161,3852-03-02,4203-04-27T20:30:00
Osborne,Hintz,jakob@example.com,Cremin Tunnel,441.630.6667 x279,7328-03-11,7209-05-18T08:58:00
Haven,Herman,burdette@example.com,Kozey Branch,702.535.7720 x084,8029-08-28,6827-10-23T03:30:00
Sadie,Rosenbaum,brandi@example.com,Stone Circle,856-688-1548 x049,3716-08-02,2987-03-14T15:32:00
Monty,Balistreri,johanna@example.org,Lehner Fields,(790) 603-6459,2845-04-01,2227-08-23T00:21:00
Avis,Armstrong,brayan@example.com,Stamm Extensions,165.791.0036 x9767,3808-12-23,6969-02-19T13:25:00
Adah,Keeling,geraldine@example.org,Vito Loaf,147.503.4115 x320,3335-10-27,2861-02-26T15:08:00
Ryleigh,Gorczany,curtis@example.org,Gerardo Terrace,287.667.9213 x2608,5847-06-06,9672-11-13T16:27:00
Mariano,Howe,ken@example.org,Langworth Pike,716.261.2355 x8351,9698-07-21,1539-11-29T20:16:00
Angeline,Kirlin,mariah@example.org,Jordan Courts,1-730-857-2415 x2900,9240-02-07,1917-02-26T18:48:00
Ambrose,Gottlieb,jasper@example.com,Hansen Falls,502-739-9265,9243-03-16,4154-07-30T16:55:00
Doris,Jenkins,nannie@example.net,Zena Ford,1-595-170-1053 x4839,8965-03-31,2560-09-14T12:49:00
Dana,Leuschke,clark@example.com,Ollie Circles,1-784-535-1397,3324-06-06,9613-04-26T10:25:00
Osbaldo,Wisoky,andreane@example.com,Bosco Causeway,847.478.9545,9954-07-17,1509-01-05T13:09:00
Alfonso,Schulist,xander@example.net,Raynor Cove,569-656-8764 x194,7564-06-13,4989-08-30T20:13:00
Horace,Carroll,felipe@example.com,Herzog Locks,164-998-3762 x5999,5636-04-20,1641-02-20T00:16:00
Tate,Rodriguez,yazmin@example.org,Weston Estate,(822) 126-2769 x8334,3736-06-14,4553-03-02T07:16:00
Lurline,Lang,travon@example.net,Hodkiewicz Glens,235-081-9759 x177,6968-11-29,5558-05-12T08:18:00
Summer,Weber,alexandrea@example.net,Baumbach Valley,(764) 996-5388 x86768,5040-07-27,3083-11-20T03:48:00
Filomena,Reichel,daija@example.com,Douglas Mountain,(317) 331-6808,1423-05-04,9205-06-15T04:10:00
Berneice,Weimann,yessenia@example.net,Georgiana Isle,1-970-138-3776 x2991,6285-08-31,6758-02-18T05:59:00
Liliana,Veum,shad@example.org,Rempel Mission,520.536.6911 x13567,1769-06-13,3370-08-10T13:20:00
River,Stehr,raymundo@example.net,Ephraim Trail,1-879-937-5972,4501-03-23,5233-08-06T14:45:00
Boyd,Bartell,jennyfer@example.com,Audie Mount,673-551-3425 x760,7541-03-17,6418-04-12T12:25:00
Aurelio,Lemke,devyn@example.org,Morar Plaza,733.225.5730 x23583,4911-10-08,6170-10-01T11:45:00
Noel,Lebsack,trevor@example.net,Jones Parkways,1-967-602-5105 x173,3471-07-10,7523-02-19T08:18:00
Ashton,Hirthe,nicholaus@example.com,Karina Rue,1-102-440-6945,5060-08-03,2234-02-11T09:46:00
Aidan,Braun,dawn@example.net,Cummings Divide,453-710-1656 x9038,1088-04-01,9543-05-03T21:53:00
Nathanael,Pfeffer,syble@example.com,Lang Union,1-802-516-7590 x73481,1480-05-24,2582-11-17T15:54:00
Bethany,Mitchell,lori@example.org,Claudie Throughway,(544) 713-8274,6851-05-28,5482-10-02T02:51:00
Alek,Franecki,larissa@example.org,Wiegand Meadow,1-237-906-5864 x4428,8880-10-30,3241-01-28T21:21:00
Carleton,Brown,alba@example.net,Sven Ville,(559) 625-7751 x46413,6661-06-22,8754-01-10T01:17:00
Karson,Kuhlman,brook@example.com,Arden Expressway,1-396-456-8109 x671,8847-08-24,8693-09-16T13:04:00
Rosie,Frami,maybell@example.org,Jabari Valley,441-047-4354 x191,1674-10-13,9330-08-09T00:23:00
Zaria,Schuster,bulah@example.com,Verla Meadows,944-329-6880 x2319,4819-01-01,2088-11-06T22:58:00
Gunner,Kemmer,boyd@example.com,Schmidt Run,(838) 893-1437 x636,4125-04-02,2098-10-15T19:32:00
Granville,Mohr,damien@example.net,Stanton Knolls,1-431-167-4113 x86243,3812-08-17,5412-12-11T09:10:00
Destini,Stracke,carleton@example.org,Gwendolyn Port,429-517-7589 x737,3111-04-28,9998-10-19T17:22:00
Serena,Walter,rubye@example.org,Ebba Forest,439.375.1733 x17580,3422-04-19,2718-09-21T18:09:00
Onie,Shields,jalon@example.net,Raphael Forest,465.854.6207,8283-08-09,4164-01-27T22:02:00
Rickie,Skiles,zoe@example.com,Buckridge Crest,1-206-850-8211 x1569,8198-02-11,9333-11-13T23:00:00
Maureen,Watsica,juanita@example.com,Ronaldo Throughway,546-027-0266,4061-09-02,4293-07-19T16:04:00
Chloe,Reinger,kelly@example.net,Skylar Run,(601) 154-0147 x066,9030-06-01,5579-11-14T05:41:00
Eunice,Swift,janice@example.org,Judd Squares,782.479.5989,1548-02-13,9268-09-13T19:39:00
Rylee,Jakubowski,osborne@example.org,Lueilwitz Valleys,(134) 405-0158 x97046,3450-08-19,9710-04-11T14:41:00
Kennith,Considine,alfredo@example.org,Karson Loaf,727.773.4125 x15097,9664-07-03,5620-10-28T21:23:00
Charlotte,Miller,oscar@example.org,Gertrude Gateway,1-268-882-1001 x156,6151-12-25,6000-05-23T15:16:00
Aiden,Lebsack,rowena@example.com,Tremblay Causeway,432-956-5667 x557,7555-04-01,3680-03-09T14:19:00
Josue,Rath,marcus@example.org,George Inlet,278.085.7448,2994-05-20,3842-12-11T09:18:00
Jayne,Mante,rachelle@example.com,Schmitt Burgs,638.100.3088 x1923,7669-03-31,6854-12-14T15:46:00
Arielle,Buckridge,sandra@example.com,Nels Views,1-545-289-6822,8182-01-01,6462-06-09T17:03:00
Triston,Thiel,gardner@example.org,Schroeder Skyway,1-558-575-5567,2727-01-29,9985-02-23T18:49:00
Sarina,Pollich,jude@example.net,Laurel Drives,(779) 615-6710,4155-08-25,3311-06-14T21:32:00
Jarrett,Volkman,florian@example.com,Schowalter Locks,922-816-1756 x586,2979-08-15,1866-12-10T22:21:00
Trent,Willms,muhammad@example.org,Monserrate Hill,651.849.1337 x141,5730-02-24,1914-06-07T07:38:00
Alivia,MacGyver,rowan@example.net,Fay Highway,197.859.5265,7641-05-10,7195-11-17T12:07:00
Rodolfo,D'Amore,marilou@example.com,Nicolas Locks,452.940.5759 x0651,4989-05-19,7508-03-04T23:16:00
Myrtle,Zboncak,luis@example.net,Walsh Views,(774) 635-6412 x830,2089-06-07,7947-10-07T19:18:00
Darrion,Towne,adam@example.org,Dalton Gateway,1-558-634-1221 x323,3461-01-05,9501-11-07T04:59:00
Mustafa,Christiansen,paul@example.net,Ramona Trafficway,1-116-440-9779 x4467,7522-09-23,5377-05-02T06:56:00
Dejuan,Goyette,marianna@example.com,Lyda Lights,1-288-744-7376 x3539,3513-01-11,4701-04-08T04:02:00
Ted,Schultz,aaron@example.net,Mariano Key,804-855-2127 x435,3036-05-22,6110-06-20T04:18:00
Tyson,Hand,rudy@example.net,Hermann Vista,1-253-275-7535 x7567,6534-08-09,8534-08-07T23:00:00
Bart,Hane,geoffrey@example.org,Spinka Mews,371-994-9954,7806-01-25,1529-12-14T19:21:00
Camilla,Graham,ramona@example.com,Shanelle Mews,1-307-847-6812,2319-12-27,2864-10-13T06:51:00
Elsa,Marks,evangeline@example.org,Satterfield Land,(599) 428-2544,7390-08-21,5983-12-05T19:25:00
Cruz,Kozey,minerva@example.org,Lang Garden,984.009.0194 x45122,9779-05-20,4852-12-29T17:08:00
Rod,Pollich,gilberto@example.org,Darrell Well,1-607-992-9586 x66359,4298-02-18,2226-07-28T13:44:00
Germaine,Greenfelder,roxanne@example.com,Flavio Stravenue,672-757-4535 x7215,8336-12-31,8006-04-07T02:42:00
Kurtis,VonRueden,jasper@example.net,Neha Common,443.971.1818 x20932,8147-08-02,7896-08-01T13:17:00
Horace,Morissette,alexandrine@example.org,Bailee Shoal,(747) 195-2306 x151,6093-09-11,4260-11-23T12:33:00
Abdiel,Koelpin,alexys@example.net,Della Forest,472-322-5347 x266,7074-10-28,5065-12-30T07:52:00
Alberto,Howe,clement@example.net,Loma Harbor,1-472-957-7400 x328,4124-12-01,7172-07-15T10:25:00
Paula,Zemlak,luciano@example.org,Orn Valley,(605) 175-5698,2327-03-12,7393-05-29T08:58:00
Emie,Beahan,bret@example.org,Smith Views,567-211-6027 x171,4783-06-26,3459-12-17T11:29:00
Kennedy,Kemmer,baylee@example.net,Sporer Avenue,956-886-9404,5660-10-04,4720-07-04T17:15:00
Alison,Waelchi,arielle@example.org,Bashirian Junction,840.987.3476 x032,5852-02-27,7246-02-20T03:51:00
Elfrieda,Keeling,pearlie@example.net,Orland Mill,190-165-9164 x587,7938-07-14,4171-05-16T08:44:00
Robb,Ferry,darrin@example.com,Gusikowski Dale,508-584-2517 x03194,7688-07-17,1454-04-18T10:46:00
Trent,Reichert,trudie@example.org,Sipes Wall,262-491-7283,1105-04-08,9615-03-28T19:50:00
Augustus,Reinger,ava@example.net,Bernard Oval,234.358.7259 x8246,1270-01-02,5534-08-07T03:30:00
Obie,Weber,stacey@example.com,Bailey Circle,955-706-3847 x76278,8068-08-23,1152-01-03T20:52:00
Aditya,Effertz,elian@example.org,Hansen Shoals,616.195.9041 x220,4237-03-24,1019-05-16T05:14:00
Mariano,Harvey,meaghan@example.org,Schowalter Highway,1-547-666-3634 x071,4784-07-30,3145-11-01T07:11:00
Elena,Von,mae@example.com,Marquardt Plaza,455.422.1461,7326-03-16,8840-04-08T11:02:00
Jefferey,Nienow,shana@example.com,Cole Isle,1-999-823-5147 x4122,5814-09-01,3182-09-22T21:15:00
